uiis_sample_id,uiis_image_path,suim_sample_id,suim_partition,suim_image_path,image_sha256
uiis_train_000894,data\uiis_raw\train\XL_106.jpg,n_l_85_,train,data/suim_processed/images/train_val/n_l_85_.jpg,157376d45c5223f203284a4c483096f0ae5db5a96df9c058142febea06b47509
uiis_train_000896,data\uiis_raw\train\XL_1061.jpg,w_r_19_,train,data/suim_processed/images/train_val/w_r_19_.jpg,4a80c60b63807861186bf9ad29b729aad0a797f523f3ccee04eab51d9b2d3dac
uiis_train_000978,data\uiis_raw\train\XL_1144.jpg,n_l_72_,train,data/suim_processed/images/train_val/n_l_72_.jpg,a7d9f5ee5713adc476b8e4649cb5b208003caf4326617e4bed5f2f3b7cc04a3d
uiis_train_000983,data\uiis_raw\train\XL_1150.jpg,n_l_82_,train,data/suim_processed/images/train_val/n_l_82_.jpg,f2d388967d152f76392c1cdadcdf7783a112d44bd7ca8e7ac2e6493997f1cc67
uiis_train_000997,data\uiis_raw\train\XL_1164.jpg,d_r_635_,test,data/suim_processed/images/test/d_r_635_.jpg,b5b0920bf863c28c9390bb71e6f4c0f4e0b0522c23d9db727e9ae68d8f5ae6d9
uiis_train_001049,data\uiis_raw\train\XL_1227.jpg,n_l_75_,train,data/suim_processed/images/train_val/n_l_75_.jpg,717a5e68878f7b0bf803687dda4fe6bc8b683be00c11ad8782523aeab9728cf6
uiis_train_001078,data\uiis_raw\train\XL_1257.jpg,n_l_3_,test,data/suim_processed/images/test/n_l_3_.jpg,6f08001e064d426fe9c10f8cb0edfb95d2752f671d92a29a3f22163f75af4525
uiis_train_001079,data\uiis_raw\train\XL_1258.jpg,n_l_88_,train,data/suim_processed/images/train_val/n_l_88_.jpg,d45e4fd12cb422d6879bfa3805167dd3dca4b3317e2ecdfd89a73d72578c58b6
uiis_train_001250,data\uiis_raw\train\XL_1443.jpg,n_l_76_,train,data/suim_processed/images/train_val/n_l_76_.jpg,ca0decabf2d9e9a43f5fc0317c35a5155439024ec91e049e1bfd9d07017900f5
uiis_train_001255,data\uiis_raw\train\XL_1448.jpg,n_l_59_,calibration,data/suim_processed/images/train_val/n_l_59_.jpg,62e9af4c71943fd40c97124ae8d827f4deafab5f68c0cef0a86ee47dea17bfcb
uiis_train_001282,data\uiis_raw\train\XL_1478.jpg,n_l_13_,train,data/suim_processed/images/train_val/n_l_13_.jpg,9730380b594eca39c33b2b0d901cdc8f07730f5ed5b14a8e8f051f5cdebb3413
uiis_train_001324,data\uiis_raw\train\XL_154.jpg,n_l_112_,train,data/suim_processed/images/train_val/n_l_112_.jpg,33439fae8d3ffd5907a7cb8d2cf6c040ac53db9f457774a3a394b81123dbf9c1
uiis_train_001342,data\uiis_raw\train\XL_1614.jpg,n_l_1_,calibration,data/suim_processed/images/train_val/n_l_1_.jpg,d0d0f632e8888f55f83591c732be06995cfc5707dbb2dc784377dbe7b70d414d
uiis_train_001359,data\uiis_raw\train\XL_1635.jpg,n_l_78_,train,data/suim_processed/images/train_val/n_l_78_.jpg,3041ba43311fcfdd461a6ccfd78c9eda20462c0ff72f8bee2f5f065a993d8f03
uiis_train_001387,data\uiis_raw\train\XL_1666.jpg,d_r_182_,test,data/suim_processed/images/test/d_r_182_.jpg,cb1a29979ea133ea3addef71a8a5424d1442954535d675a0ee8bdd1a64563cd3
uiis_train_001393,data\uiis_raw\train\XL_1673.jpg,n_l_98_,train,data/suim_processed/images/train_val/n_l_98_.jpg,5e20e7ee1576a6ed69a4166a6214a013174a169436194529c253e1881fca3285
uiis_train_001405,data\uiis_raw\train\XL_1685.jpg,n_l_100_,test,data/suim_processed/images/test/n_l_100_.jpg,597d704d3fe8cd6d3b8d5c52d0ef9716e000eed1f0c6b1fdd1de536055de0ec9
uiis_train_001425,data\uiis_raw\train\XL_1709.jpg,n_l_24_,train,data/suim_processed/images/train_val/n_l_24_.jpg,6f592391ffa58df3088c24b2eb2cea07b579308d6d3f88f5da380b6fb502c0f8
uiis_train_001428,data\uiis_raw\train\XL_1711.jpg,n_l_45_,calibration,data/suim_processed/images/train_val/n_l_45_.jpg,c98e7385c43739b1bfa7bc12e6c7acf7ba5ce334c9a3c084bd92c09d538f1198
uiis_train_001442,data\uiis_raw\train\XL_1728.jpg,d_r_67_,train,data/suim_processed/images/train_val/d_r_67_.jpg,f804b5df49df1c73cbcbdf55e9aad2d2a8dab665b6ed2a1fc0617ef9227f0115
uiis_train_001472,data\uiis_raw\train\XL_1761.jpg,w_r_30_,test,data/suim_processed/images/test/w_r_30_.jpg,5f1e411075059e37176d4d2320f57c63b59511b14003b559dada9866cb7297a7
uiis_train_001492,data\uiis_raw\train\XL_1786.jpg,n_l_103_,train,data/suim_processed/images/train_val/n_l_103_.jpg,2b17e77229291524c42c4528da6f3d9a48d4f7d8b38058d1042fc686f2254d0d
uiis_train_001499,data\uiis_raw\train\XL_1794.jpg,f_r_604_,test,data/suim_processed/images/test/f_r_604_.jpg,b87295001923d263e98072e0c2bafdb5b75c2e3c71968088a7a2b2e0ecae3c26
uiis_train_001509,data\uiis_raw\train\XL_1804.jpg,f_r_289_,train,data/suim_processed/images/train_val/f_r_289_.jpg,6d58fe24ce7116044e65394264c7a77db6fc5f4d029d854fa604dc217c9c7e56
uiis_train_001513,data\uiis_raw\train\XL_1809.jpg,f_r_1298_,test,data/suim_processed/images/test/f_r_1298_.jpg,f235ee347318d6fd4764fbb9ea2bb384d41a306745619d075fc8caaf98be967a
uiis_train_001536,data\uiis_raw\train\XL_1830.jpg,n_l_8_,train,data/suim_processed/images/train_val/n_l_8_.jpg,d34d632335fb3861fef0faad6cdcb091603ed27d74c36141f5b329dac7c5c4e8
uiis_train_001540,data\uiis_raw\train\XL_1836.jpg,f_r_1440_,test,data/suim_processed/images/test/f_r_1440_.jpg,1a9a87442c084f86fbd39a857df663c98a06ced9cb33c3777f6c6966b4bae8d9
uiis_train_001563,data\uiis_raw\train\XL_1862.jpg,f_r_956_,calibration,data/suim_processed/images/train_val/f_r_956_.jpg,460588dee64d8d5852847ebfc203ef1b4944bb89c7c2f29fc9bf7f4334390c9f
uiis_train_001572,data\uiis_raw\train\XL_1872.jpg,n_l_79_,test,data/suim_processed/images/test/n_l_79_.jpg,f112e038db6203965b2d1b0c20a7962dc775762de99d991843159d07332d1d93
uiis_train_001581,data\uiis_raw\train\XL_1885.jpg,n_l_46_,train,data/suim_processed/images/train_val/n_l_46_.jpg,524df122c54e6e085218d1909fbe56cf127c6a86a7a6acb581277539f642cc3f
uiis_train_001595,data\uiis_raw\train\XL_1907.jpg,f_r_145_,train,data/suim_processed/images/train_val/f_r_145_.jpg,11df3daf3788c88940d4da81aaf9e0a1077e264b7eefa5d0b435297379ab0f51
uiis_train_001655,data\uiis_raw\train\XL_1976.jpg,f_r_297_,train,data/suim_processed/images/train_val/f_r_297_.jpg,ba46aa64a7826b504cf388f9808938013470f79e971bcbbb22918107e76cb160
uiis_train_001681,data\uiis_raw\train\XL_200.jpg,d_r_504_,train,data/suim_processed/images/train_val/d_r_504_.jpg,5f24e23f9649e696a0731d32a524739deb932b232599ddb7f9d027ae6146c829
uiis_train_001697,data\uiis_raw\train\XL_2016.jpg,f_r_1006_,train,data/suim_processed/images/train_val/f_r_1006_.jpg,98dcfe945619ac031b78775bdbf2ee08e5ad026941d116dea5acefc44c9b194b
uiis_train_001730,data\uiis_raw\train\XL_2057.jpg,f_r_1451_,train,data/suim_processed/images/train_val/f_r_1451_.jpg,d6e00175a554e8a85903b97e10fb0ddb8ca12aa2a7840aa682743b0d4fba3c9b
uiis_train_001734,data\uiis_raw\train\XL_2061.jpg,f_r_1793_,train,data/suim_processed/images/train_val/f_r_1793_.jpg,6455a6e74b4e3ba73de0d951ab7f3dfaf853e90686bff7a3f3e42d0fa2d90049
uiis_train_001755,data\uiis_raw\train\XL_2090.jpg,f_r_16_,calibration,data/suim_processed/images/train_val/f_r_16_.jpg,fcc812818ddcbb4d18351c6bccf946895237a2220fd5b620dcbcab88039aa43d
uiis_train_001759,data\uiis_raw\train\XL_2094.jpg,f_r_1486_,train,data/suim_processed/images/train_val/f_r_1486_.jpg,415a2df78ada31ac4bdff24c9262d9c6d265545e224c3704083a2c13a0315a8c
uiis_train_001761,data\uiis_raw\train\XL_2096.jpg,n_l_61_,train,data/suim_processed/images/train_val/n_l_61_.jpg,a678769ef6cffe9a6cc54202d588beb77b04f85e15da603b0b3210d533e7b7a3
uiis_train_001779,data\uiis_raw\train\XL_2118.jpg,f_r_1920_,test,data/suim_processed/images/test/f_r_1920_.jpg,3c36393bb6be142b2ce8517d4e11533cdbd53bed2af3044cefe66cdbcd56583c
uiis_train_001848,data\uiis_raw\train\XL_2190.jpg,w_r_201_,test,data/suim_processed/images/test/w_r_201_.jpg,71b92f5c4f68dd7b44ea829f4359f58c3bf9e897bce5801769099f2ad6a08d00
uiis_train_001851,data\uiis_raw\train\XL_2195.jpg,f_r_1810_,train,data/suim_processed/images/train_val/f_r_1810_.jpg,c67533736c1128eb3fe2109cd8a5219ad477b90c408cce550de4e5508a87bcc8
uiis_train_001852,data\uiis_raw\train\XL_2196.jpg,f_r_446_,test,data/suim_processed/images/test/f_r_446_.jpg,054fc6bf849be4104260815044e6f349cb508b303f31a6989636b464df1f3aeb
uiis_train_001866,data\uiis_raw\train\XL_2210.jpg,f_r_1079_,test,data/suim_processed/images/test/f_r_1079_.jpg,7d352306b23ee74aec28eeafe142e936249e648d59a9a71d9e7aa360a439d779
uiis_train_001879,data\uiis_raw\train\XL_2225.jpg,f_r_1553_,train,data/suim_processed/images/train_val/f_r_1553_.jpg,3dc5669cdd5883dc6d0b1a8a482a3e7c5b2176fb2dec2928d196f1133f631261
uiis_train_001887,data\uiis_raw\train\XL_2232.jpg,f_r_1478_,test,data/suim_processed/images/test/f_r_1478_.jpg,602a1acc49562722d17faefff2ad09456d3df57daeeb188c4b5649e9deda5271
uiis_train_001896,data\uiis_raw\train\XL_2241.jpg,f_r_1855_,train,data/suim_processed/images/train_val/f_r_1855_.jpg,fcb632d68c7dbe0d3603b780333ab085b8b1137f2c956563cd8fb82a33c972f2
uiis_train_001898,data\uiis_raw\train\XL_2243.jpg,w_r_43_,test,data/suim_processed/images/test/w_r_43_.jpg,f994922542b9462286c918adf4bad06ea2688641b6420b4edec967da46ced985
uiis_train_001921,data\uiis_raw\train\XL_2267.jpg,f_r_1319_,test,data/suim_processed/images/test/f_r_1319_.jpg,c7453f153f9e23d57ec9437c212006d6f6bbafa266f772a55fec5c3922f97a77
uiis_train_001965,data\uiis_raw\train\XL_2313.jpg,f_r_246_,test,data/suim_processed/images/test/f_r_246_.jpg,b594b985cf9c614a818a75020e0e3286417474c483eecd0ba221bb5b6037183c
uiis_train_001971,data\uiis_raw\train\XL_2320.jpg,n_l_2_,train,data/suim_processed/images/train_val/n_l_2_.jpg,9c4ddba4a758da70cc9e66e16e93edbee98bda6252bb8d0ffd40252b09962eab
uiis_train_001979,data\uiis_raw\train\XL_2329.jpg,f_r_1992_,test,data/suim_processed/images/test/f_r_1992_.jpg,db76353e287ece390c7d77ae216349077dac6511c344aa7a5a9efb6d30136fb8
uiis_train_002014,data\uiis_raw\train\XL_2363.jpg,f_r_2001_,train,data/suim_processed/images/train_val/f_r_2001_.jpg,8abe385dd8a71e19bf3aae1e2b328f30e60e3b02b80b3d19802d1409b59d160c
uiis_train_002020,data\uiis_raw\train\XL_2371.jpg,f_r_1340_,test,data/suim_processed/images/test/f_r_1340_.jpg,5529ad363a30953283b525c92a3336848335af32c5932165855e0a34f1ec38bb
uiis_train_002025,data\uiis_raw\train\XL_2378.jpg,f_r_1428_,test,data/suim_processed/images/test/f_r_1428_.jpg,b95fcd208ab1d919210135259c9d295229aee96c3e6cbab2e2fec6c20df90ba2
uiis_train_002026,data\uiis_raw\train\XL_2379.jpg,f_r_1800_,test,data/suim_processed/images/test/f_r_1800_.jpg,402058bf1c5d8d03759144502cbf5339ac37a6dbee414311960cedb064509b94
uiis_train_002034,data\uiis_raw\train\XL_2388.jpg,d_r_144_,test,data/suim_processed/images/test/d_r_144_.jpg,0ae463116663f005b1a776d587d9306c0d34c89a35c9a38085a7c54d33c93fab
uiis_train_002043,data\uiis_raw\train\XL_2399.jpg,n_l_15_,test,data/suim_processed/images/test/n_l_15_.jpg,75e757522196f62278898885ed204338de334f385aad50417e9738b6280666bb
uiis_train_002065,data\uiis_raw\train\XL_2420.jpg,f_r_54_,test,data/suim_processed/images/test/f_r_54_.jpg,57885ef58f1210b68f6ee951810d594d3779552f09ddbc60ce5216ad9563fd3f
uiis_train_002152,data\uiis_raw\train\XL_2524.jpg,d_r_233_,test,data/suim_processed/images/test/d_r_233_.jpg,8f3873e0a839b402225c21ec183a26313863c6cd103b777fa8c8cc1305cea9db
uiis_train_002156,data\uiis_raw\train\XL_2528.jpg,n_l_26_,test,data/suim_processed/images/test/n_l_26_.jpg,e5f27ecb98178c8143514880358b0276876e8a6e7d0b4bfb1ec6ed9ca60c6054
uiis_train_002161,data\uiis_raw\train\XL_2533.jpg,n_l_84_,test,data/suim_processed/images/test/n_l_84_.jpg,80f5509f33776b5c97b760174d154d05255e235a4da439280fdccc9f9dd17925
uiis_train_002170,data\uiis_raw\train\XL_2542.jpg,f_r_1630_,train,data/suim_processed/images/train_val/f_r_1630_.jpg,8a1b1e4d7295474ceec48e033af35c7dbc50bb6ea52a7eb75c8eb25aab47c55a
uiis_train_002307,data\uiis_raw\train\XL_2688.jpg,f_r_1276_,test,data/suim_processed/images/test/f_r_1276_.jpg,c1712eca715182137e486c419b6858c580c3ebdee71b9f674cf9ed9a0b54ab95
uiis_train_002308,data\uiis_raw\train\XL_2689.jpg,f_r_2052_,test,data/suim_processed/images/test/f_r_2052_.jpg,cc55e0dd57427fee81a94ba36306106d5a9f470a6468d9f244cebb8049a2f6de
uiis_train_002334,data\uiis_raw\train\XL_2714.jpg,f_r_521_,train,data/suim_processed/images/train_val/f_r_521_.jpg,a76264a578f32621eefea824312bb8af2fa8800d53b3fdf23a76541df901330a
uiis_train_002343,data\uiis_raw\train\XL_2726.jpg,f_r_1450_,test,data/suim_processed/images/test/f_r_1450_.jpg,6c968fb6a3d9cd9d4955625f79706a76e675966ea88f55d973adfd146750fa42
uiis_train_002394,data\uiis_raw\train\XL_2779.jpg,n_l_40_,train,data/suim_processed/images/train_val/n_l_40_.jpg,2144f0e47329b726dc06a69bfe09984669e981a9f5c18d7233678670278b787a
uiis_train_002399,data\uiis_raw\train\XL_2786.jpg,f_r_1737_,test,data/suim_processed/images/test/f_r_1737_.jpg,e4a25e7d6b6b402a9ec4aaa61b421f436339bc7281e384533ac2362f185c3aaa
uiis_train_002409,data\uiis_raw\train\XL_283.jpg,n_l_101_,train,data/suim_processed/images/train_val/n_l_101_.jpg,a4b3b57893c3d62ca3ba155778d6bfd849026f4016aa6d982dc94646a19bc64a
uiis_train_002410,data\uiis_raw\train\XL_2833.jpg,f_r_1467_,test,data/suim_processed/images/test/f_r_1467_.jpg,82432f42e02065c540e7f39542a4ea3fd0ff392d3190d3af955f92938417063e
uiis_train_002412,data\uiis_raw\train\XL_2835.jpg,f_r_93_,test,data/suim_processed/images/test/f_r_93_.jpg,26508345fbf7aaadcd47d8b164c5febc4e9ec396f10cd26ed17e21695188ff55
uiis_train_002427,data\uiis_raw\train\XL_2854.jpg,f_r_1471_,test,data/suim_processed/images/test/f_r_1471_.jpg,7ac8e89c0c06ae4a1c5236167de48d3ae1ae86580c9898f838f0f0a332a9c97f
uiis_train_002445,data\uiis_raw\train\XL_2875.jpg,w_r_111_,test,data/suim_processed/images/test/w_r_111_.jpg,8faec2411e31b364655c73fe223c3e3eb248452735803d3fa304c65f0394452e
uiis_train_002461,data\uiis_raw\train\XL_2890.jpg,f_r_1282_,test,data/suim_processed/images/test/f_r_1282_.jpg,fdf169314834e66c606c1fa5b33d23ba890e085342aa2e7ba971a9752739fd64
uiis_train_002469,data\uiis_raw\train\XL_2924.jpg,w_r_6_,test,data/suim_processed/images/test/w_r_6_.jpg,e6155d41cde4773001a77f00fcd2d3c77ec6829cf3d603e246f4dda7550e5da8
uiis_train_002480,data\uiis_raw\train\XL_2935.jpg,n_l_102_,test,data/suim_processed/images/test/n_l_102_.jpg,ef97f7b41d7df593d8d406b04fdf74aa4174df44cd91a3069063f871d5b4a1d2
uiis_train_002507,data\uiis_raw\train\XL_2964.jpg,n_l_0_,test,data/suim_processed/images/test/n_l_0_.jpg,b098f85b3c6524454acea653a7bb3a2cf5cd06a6b9ab037d335629c8c50ff514
uiis_train_002509,data\uiis_raw\train\XL_2967.jpg,d_r_58_,test,data/suim_processed/images/test/d_r_58_.jpg,80bd3b353db04c9a74e1409a729ca9259dfed173ed18c2a08068b3a61624c816
uiis_train_002512,data\uiis_raw\train\XL_2970.jpg,w_r_157_,test,data/suim_processed/images/test/w_r_157_.jpg,a4dea9fb2855385144e2c391d0875bfc1f0988f3ae87574ebf0130a26daf0cb5
uiis_train_002532,data\uiis_raw\train\XL_2990.jpg,w_r_18_,val,data/suim_processed/images/train_val/w_r_18_.jpg,977f4dd21db9ddea48ae1dc45429cb6e0653b09fab8661ad0a80259e2949bd19
uiis_train_002552,data\uiis_raw\train\XL_3008.jpg,f_r_263_,test,data/suim_processed/images/test/f_r_263_.jpg,d729836be63289f34f34e815cb54d19bf6afafdcae3ee72c9c76254cbd5b8472
uiis_train_002555,data\uiis_raw\train\XL_3010.jpg,f_r_403_,test,data/suim_processed/images/test/f_r_403_.jpg,8e839e490054416e599e1841dfd86654ebd77a8e80b896517c872fc801169bef
uiis_train_002558,data\uiis_raw\train\XL_3013.jpg,f_r_392_,test,data/suim_processed/images/test/f_r_392_.jpg,f06df88bcc4e70ce2b1b9c442af36e00bb6fe37c9c390f521a9bcf569e963bb8
uiis_train_002567,data\uiis_raw\train\XL_3021.jpg,w_r_217_,test,data/suim_processed/images/test/w_r_217_.jpg,99795d6e137040e7f0772e1d1008a25cf351b23907e3c969e472b4f9336ae642
uiis_train_002586,data\uiis_raw\train\XL_3041.jpg,f_r_1461_,test,data/suim_processed/images/test/f_r_1461_.jpg,8f45a254fd0dcc1a2cdf9e33e7e415a2851742e809d7cfe231dcf0345c438872
uiis_train_002587,data\uiis_raw\train\XL_3042.jpg,d_r_801_,test,data/suim_processed/images/test/d_r_801_.jpg,35ba991202e2693e9ddf87b9d69f2f7ecdac7b1f95b8b9a0aef98fb0a8963735
uiis_train_002598,data\uiis_raw\train\XL_3054.jpg,w_r_4_,test,data/suim_processed/images/test/w_r_4_.jpg,703ce221841da2720783137efa120e9d5ca3eef89288c2bc868e95c31bff8830
uiis_train_002605,data\uiis_raw\train\XL_3061.jpg,w_r_59_,test,data/suim_processed/images/test/w_r_59_.jpg,d8a212c59464e113de10abee54acede70a8d840e81e4adc339cf75402a038bd0
uiis_train_002631,data\uiis_raw\train\XL_3095.jpg,w_r_84_,test,data/suim_processed/images/test/w_r_84_.jpg,771df494656c726880936ccf32af5138f0fa9f82444b5febe69a90015a2a65b2
uiis_train_002637,data\uiis_raw\train\XL_3101.jpg,f_r_329_,test,data/suim_processed/images/test/f_r_329_.jpg,517bcf669cf4b3b0e0a4b889529fac2822568e0f00fa8f3171490f84515ed613
uiis_train_002641,data\uiis_raw\train\XL_3106.jpg,d_r_129_,test,data/suim_processed/images/test/d_r_129_.jpg,b9f52dbccd98d63d55a91873d38f34ad8a5d9e4e1f817fdfa293d478579316f0
uiis_train_002645,data\uiis_raw\train\XL_3111.jpg,f_r_23_,train,data/suim_processed/images/train_val/f_r_23_.jpg,a6f0d6b73e229a87124b53344d1aec6a17590bd608f6ea24c661b2446b9f75c4
uiis_train_002646,data\uiis_raw\train\XL_3112.jpg,f_r_1031_,train,data/suim_processed/images/train_val/f_r_1031_.jpg,3177a0cd5bf21ac3a6dd4a026bfbf3dfa441c8d1241d95da6bea8b05e725b027
uiis_train_002647,data\uiis_raw\train\XL_3113.jpg,d_r_270_,train,data/suim_processed/images/train_val/d_r_270_.jpg,b709e31f865f21107227de46efe338309b6211631f69491e63c91def41fe6353
uiis_train_002648,data\uiis_raw\train\XL_3115.jpg,f_r_222_,train,data/suim_processed/images/train_val/f_r_222_.jpg,1603371f67a4c7dfb82e1eeffad73963045bbe606508e53ab35875605ed2f399
uiis_train_002649,data\uiis_raw\train\XL_3117.jpg,f_r_915_,train,data/suim_processed/images/train_val/f_r_915_.jpg,9ea945181063e59b2f843fa2082b1171f2adab6bdd01ba31861db5e458a01b23
uiis_train_002650,data\uiis_raw\train\XL_3118.jpg,f_r_487_,val,data/suim_processed/images/train_val/f_r_487_.jpg,97b7f17b3075f1a939402af169c2ac2d0f549e1e134f45948942d8c27f11ff6e
uiis_train_002652,data\uiis_raw\train\XL_3120.jpg,w_r_137_,val,data/suim_processed/images/train_val/w_r_137_.jpg,9e08ddc238308683accc9aa6806b2ee252cf317751680cb3ea6aaeb34c141d5b
uiis_train_002653,data\uiis_raw\train\XL_3121.jpg,f_r_1019_,train,data/suim_processed/images/train_val/f_r_1019_.jpg,e3490790896ce33d345d127426c4029ddb3511eba094634c232ca803df598347
uiis_train_002654,data\uiis_raw\train\XL_3122.jpg,f_r_940_,train,data/suim_processed/images/train_val/f_r_940_.jpg,2dca7b76da3ae360669ae445306769a7188ad4e3653cee1a17301b02f9ad2ce2
uiis_train_002655,data\uiis_raw\train\XL_3123.jpg,f_r_1781_,train,data/suim_processed/images/train_val/f_r_1781_.jpg,aa6480f6938f48f8d2c8e2d880ffc5d53624093691f3d7ce2d0c6bef363ecd84
uiis_train_002656,data\uiis_raw\train\XL_3124.jpg,f_r_870_,train,data/suim_processed/images/train_val/f_r_870_.jpg,c5a656f405167a2ae030757107c2530534b7fa1edbb32a7b71832233021ee3a8
uiis_train_002657,data\uiis_raw\train\XL_3125.jpg,f_r_484_,train,data/suim_processed/images/train_val/f_r_484_.jpg,c486ef82d63ede470b4443810840904c2ab9db8aa0525bcf1bcdfaaff360c4f9
uiis_train_002658,data\uiis_raw\train\XL_3126.jpg,f_r_1044_,train,data/suim_processed/images/train_val/f_r_1044_.jpg,99a28f155d37d2c85010a837090587640c7aad86d699b1fbc792bacd7a3e2249
uiis_train_002659,data\uiis_raw\train\XL_3128.jpg,f_r_231_,val,data/suim_processed/images/train_val/f_r_231_.jpg,d1f7fde4ef7ee5040b69f9f6522275d35523e570625e615bc7e8d42e08545fcf
uiis_train_002661,data\uiis_raw\train\XL_3132.jpg,f_r_1082_,train,data/suim_processed/images/train_val/f_r_1082_.jpg,606480b00ba58c685296be4af2b0b69d83a49d1f1e47b3e2ed39a6200fcf61e0
uiis_train_002662,data\uiis_raw\train\XL_3133.jpg,f_r_420_,train,data/suim_processed/images/train_val/f_r_420_.jpg,54de4235f82dfc17323f021be1b7724b60de6fc192072981d85f74d9c5888fb4
uiis_train_002663,data\uiis_raw\train\XL_3134.jpg,f_r_1847_,train,data/suim_processed/images/train_val/f_r_1847_.jpg,7952072778b0084851d829aed8558a764fd3069e7dd50b41762d41572636ac2b
uiis_train_002664,data\uiis_raw\train\XL_3135.jpg,f_r_916_,calibration,data/suim_processed/images/train_val/f_r_916_.jpg,c36ba91e97fe1b220a6b98af9e1da392f9cc3016de5679914e4199a7898bb750
uiis_train_002665,data\uiis_raw\train\XL_3137.jpg,f_r_2059_,train,data/suim_processed/images/train_val/f_r_2059_.jpg,00e7388a2b094028d5ac24f0c0cd9a75a304db0dc9cdc25ca278882de32d74dd
uiis_train_002666,data\uiis_raw\train\XL_3138.jpg,w_r_123_,train,data/suim_processed/images/train_val/w_r_123_.jpg,db5b8c452f966016607fd9ff0ea34075e198d0286fbc071709a42c8725c8e79f
uiis_train_002668,data\uiis_raw\train\XL_3140.jpg,w_r_299_,train,data/suim_processed/images/train_val/w_r_299_.jpg,a67d7cdf018c06648ae032ff1b0948ae75d5d1c97850842b3df9f1151d3ea109
uiis_train_002669,data\uiis_raw\train\XL_3142.jpg,n_l_6_,train,data/suim_processed/images/train_val/n_l_6_.jpg,12e8331f7475c1e965c0ee43dda116e4c372249f8a44d279c0440bac2e55de38
uiis_train_002670,data\uiis_raw\train\XL_3143.jpg,n_l_90_,train,data/suim_processed/images/train_val/n_l_90_.jpg,7398f76be65d974184c0337b8d229b8076362586d2ce568ef44bac379e9ca205
uiis_train_002671,data\uiis_raw\train\XL_3144.jpg,f_r_2050_,train,data/suim_processed/images/train_val/f_r_2050_.jpg,651a1143c2af6e1f99794cf0eedcbaf225041b6061241d225201de97ab45b7b5
uiis_train_002672,data\uiis_raw\train\XL_3145.jpg,f_r_1805_,train,data/suim_processed/images/train_val/f_r_1805_.jpg,794270262b4f439abaff552dd7751ea92e6301c1cae445b6668d0bf9bb5d5d12
uiis_train_002673,data\uiis_raw\train\XL_3146.jpg,f_r_70_,train,data/suim_processed/images/train_val/f_r_70_.jpg,77ce1123b4ba0da5c22d975d089a37658a3f56c5ae6631c3addf0014ed71326d
uiis_train_002674,data\uiis_raw\train\XL_3148.jpg,f_r_1538_,train,data/suim_processed/images/train_val/f_r_1538_.jpg,4cbead6c4c54be489ae39ca280d1944a7a47cead7a7836daa4a7b7f5795dd448
uiis_train_002675,data\uiis_raw\train\XL_3154.jpg,d_r_266_,train,data/suim_processed/images/train_val/d_r_266_.jpg,9e8b047bd8d1af0658aee01e429089a7bbeca42c3d9d19ab5ae9e0b3511a2502
uiis_train_002676,data\uiis_raw\train\XL_3155.jpg,f_r_1701_,calibration,data/suim_processed/images/train_val/f_r_1701_.jpg,89ff8c53ef63b63b0337f6b1b419b1d5e6ed94edcd62fef57f6554a0966b7658
uiis_train_002677,data\uiis_raw\train\XL_3157.jpg,f_r_43_,train,data/suim_processed/images/train_val/f_r_43_.jpg,f50b023eea83cbdba74c6d30f62009bdd3779cb69ec3d276daa95bc3886286a4
uiis_train_002678,data\uiis_raw\train\XL_3158.jpg,f_r_1933_,train,data/suim_processed/images/train_val/f_r_1933_.jpg,ccf886cad79ebcf15ba425f5c528ee3077439d61017a678b3375d564049996ba
uiis_train_002679,data\uiis_raw\train\XL_3159.jpg,f_r_1021_,train,data/suim_processed/images/train_val/f_r_1021_.jpg,fc9f0accc0ee3ab2e818108ec58c2e69afd29d3cac9d42ea822ec7b30c492dee
uiis_train_002681,data\uiis_raw\train\XL_3160.jpg,f_r_1870_,train,data/suim_processed/images/train_val/f_r_1870_.jpg,a8c7804d42c60a0bceb9a54ba3845a0ac978b9431556797e9075b9e15cdf54a8
uiis_train_002682,data\uiis_raw\train\XL_3161.jpg,f_r_1900_,calibration,data/suim_processed/images/train_val/f_r_1900_.jpg,26dde07b3a467d782b34f975b5e60013fd9e8745038e8b33eab27941a5a339c3
uiis_train_002683,data\uiis_raw\train\XL_3164.jpg,f_r_655_,train,data/suim_processed/images/train_val/f_r_655_.jpg,dee7b08ca2b7745362658622d5a87ca91ba1cb67097e19c04e2c6979b386b252
uiis_train_002684,data\uiis_raw\train\XL_3166.jpg,f_r_136_,calibration,data/suim_processed/images/train_val/f_r_136_.jpg,4dd3cfe20d9e41f77d0bd682130d106e6a0a7e3bb97df7614812ce5d20ddf20a
uiis_train_002686,data\uiis_raw\train\XL_3199.jpg,f_r_567_,train,data/suim_processed/images/train_val/f_r_567_.jpg,48bdb74ffb898771ecb2b3ead282e5fcf6627d63f9a3505d198847e7b35b835f
uiis_train_002687,data\uiis_raw\train\XL_3200.jpg,f_r_1147_,train,data/suim_processed/images/train_val/f_r_1147_.jpg,c7d3074cc61f5a5a14bde028f0a61ac33f9f788c9d234f1d4c1c3fd259f7eea0
uiis_train_002688,data\uiis_raw\train\XL_3201.jpg,f_r_2075_,calibration,data/suim_processed/images/train_val/f_r_2075_.jpg,cc89994c205a2df2ce16a82f6e78958a29fd6c4a313a4a753b68ef6be5cdc2f1
uiis_train_002689,data\uiis_raw\train\XL_3202.jpg,f_r_773_,train,data/suim_processed/images/train_val/f_r_773_.jpg,41e2b99930f9fdc72ea4013e93b37d1df8654a3039398795d0ce36a1590e84a1
uiis_train_002690,data\uiis_raw\train\XL_3203.jpg,n_l_56_,val,data/suim_processed/images/train_val/n_l_56_.jpg,f125d946c8149244c235f7ad472f792647965bfbf8b468328991724e1a8ae39d
uiis_train_002691,data\uiis_raw\train\XL_3204.jpg,f_r_1753_,train,data/suim_processed/images/train_val/f_r_1753_.jpg,0444fb6da5e370cb39989745861d2dc7aa1e408c516f90a7dfe349049a514667
uiis_train_002692,data\uiis_raw\train\XL_3205.jpg,f_r_1081_,train,data/suim_processed/images/train_val/f_r_1081_.jpg,370201cd97950f56154a4ce628f2785e25f7e8d15bb6e359a8a3df965df238ca
uiis_train_002693,data\uiis_raw\train\XL_3206.jpg,f_r_376_,train,data/suim_processed/images/train_val/f_r_376_.jpg,fa7af328070e253c8b7b1c6413e8d7a164819722e733f0e8777d3d84d3d88941
uiis_train_002694,data\uiis_raw\train\XL_3208.jpg,f_r_1215_,train,data/suim_processed/images/train_val/f_r_1215_.jpg,6096486398d071576f4cc48fc51cd5985d97b17c57e5012478e31c7df8640114
uiis_train_002696,data\uiis_raw\train\XL_3210.jpg,f_r_1618_,train,data/suim_processed/images/train_val/f_r_1618_.jpg,214031a646922a82263fee831ea9a01c1841b612364bc5d70b1d3b216c74a701
uiis_train_002697,data\uiis_raw\train\XL_3211.jpg,f_r_1885_,train,data/suim_processed/images/train_val/f_r_1885_.jpg,37caababdb3ecfaf0627c668fce9ee87b7367d33e98fe41f0cad27f32ef5057e
uiis_train_002698,data\uiis_raw\train\XL_3212.jpg,f_r_126_,train,data/suim_processed/images/train_val/f_r_126_.jpg,7d50e1a52707ea0a19cd8b75f1e50377fc621a7fd1a9afa6c8f66d39541c638a
uiis_train_002699,data\uiis_raw\train\XL_3213.jpg,f_r_1062_,calibration,data/suim_processed/images/train_val/f_r_1062_.jpg,59692ba7775ac83591abab9bcfe7f5e1e3cf63d8a9f5a43cf23f2e39d69ffc82
uiis_train_002700,data\uiis_raw\train\XL_3215.jpg,f_r_1609_,train,data/suim_processed/images/train_val/f_r_1609_.jpg,304271d4861d6f9d0f8d2854ab915c8de1246b1e324427f2b374c83dd54091e6
uiis_train_002701,data\uiis_raw\train\XL_3218.jpg,f_r_1409_,train,data/suim_processed/images/train_val/f_r_1409_.jpg,d3ad276e2808895b384a8e294adb16d76aad10368e97ed87e6586bc90738f06b
uiis_train_002702,data\uiis_raw\train\XL_3219.jpg,f_r_566_,train,data/suim_processed/images/train_val/f_r_566_.jpg,6c573c9f9256cfca790bb2e49f0ca887ed3081ac473f7da8f10a0663ca0d862b
uiis_train_002704,data\uiis_raw\train\XL_3220.jpg,f_r_183_,calibration,data/suim_processed/images/train_val/f_r_183_.jpg,e29c710b195e3f1249eff1a9b7bc8d7e75e83d084f69e3371a6c9c94bb63465a
uiis_train_002705,data\uiis_raw\train\XL_3223.jpg,f_r_1946_,train,data/suim_processed/images/train_val/f_r_1946_.jpg,7078bd1c416712485780a26f358786e1df73cbfcd48f561bc64808bc21134b00
uiis_train_002706,data\uiis_raw\train\XL_3224.jpg,f_r_1997_,calibration,data/suim_processed/images/train_val/f_r_1997_.jpg,b295894ee2426317b09b35bcb3388c75762474c631d89c3c75a1593813dc7d32
uiis_train_002707,data\uiis_raw\train\XL_3226.jpg,f_r_1526_,train,data/suim_processed/images/train_val/f_r_1526_.jpg,64aa382748cbe4dc992b4c0599d22cc9b77077cace614fbf0e753dce8bb61959
uiis_train_002708,data\uiis_raw\train\XL_3227.jpg,f_r_1896_,train,data/suim_processed/images/train_val/f_r_1896_.jpg,e7063d9e1f05e4a2c86cde65a1167b8b9b557b597f16fa41ced06e8f5c1353d1
uiis_train_002709,data\uiis_raw\train\XL_3228.jpg,w_r_121_,train,data/suim_processed/images/train_val/w_r_121_.jpg,10e91eb536470745ec7165202be3c293835bc906083d4944939b27f01713ff40
uiis_train_002710,data\uiis_raw\train\XL_3230.jpg,f_r_430_,train,data/suim_processed/images/train_val/f_r_430_.jpg,85a192e8aa8dfbda014e953b2b519369414e49359b56544b99d135196e2bf0dd
uiis_train_002711,data\uiis_raw\train\XL_3232.jpg,f_r_480_,train,data/suim_processed/images/train_val/f_r_480_.jpg,3c7df1532f3dc1a35f914079c0457b8db3e309ddc4add371835b205a6a6c4a0a
uiis_train_002712,data\uiis_raw\train\XL_3233.jpg,f_r_1725_,train,data/suim_processed/images/train_val/f_r_1725_.jpg,f0d82dd78a095d203aef4e2aa4e8bcd5c8de99e5a75f6af9d82ae6761cc496ea
uiis_train_002713,data\uiis_raw\train\XL_3234.jpg,f_r_1831_,train,data/suim_processed/images/train_val/f_r_1831_.jpg,cc0caa6575ff7c0eb7746554f9a2f32728136c91378481b986026bbef0d224bb
uiis_train_002714,data\uiis_raw\train\XL_3237.jpg,f_r_973_,train,data/suim_processed/images/train_val/f_r_973_.jpg,768b66b1bfbb96e566c14540d49baccaebf9bda2600fb92f7790ef3d6fe6df7f
uiis_train_002715,data\uiis_raw\train\XL_3238.jpg,f_r_382_,train,data/suim_processed/images/train_val/f_r_382_.jpg,c5b4d7080f6f2d735362690ea85775157ecde31af2363f796a4ac98aaee60a4f
uiis_train_002716,data\uiis_raw\train\XL_3239.jpg,f_r_1152_,train,data/suim_processed/images/train_val/f_r_1152_.jpg,6ce809f78105b5dd0f50db63ab75112166600093da10841f42ffe09933e92f02
uiis_train_002717,data\uiis_raw\train\XL_3240.jpg,f_r_94_,val,data/suim_processed/images/train_val/f_r_94_.jpg,365583b491f10cc80d6fdb00473100d4e6588cd600ccbe8779e7642bd44df6a2
uiis_train_002718,data\uiis_raw\train\XL_3243.jpg,f_r_669_,calibration,data/suim_processed/images/train_val/f_r_669_.jpg,ab9a3fa178df7d3571309dbd6cd3d25d9711cf6a5869610249e36fae724b5564
uiis_train_002719,data\uiis_raw\train\XL_3245.jpg,f_r_1012_,train,data/suim_processed/images/train_val/f_r_1012_.jpg,174112b85c2df01af7d31f51a8d7d1a285397bb48b67e3dfdd349b670c070af6
uiis_train_002720,data\uiis_raw\train\XL_3248.jpg,f_r_624_,train,data/suim_processed/images/train_val/f_r_624_.jpg,7b4f5ea9e23f792b0d28307537fef42a9e1c82e7ee8bea84835a6e37d000856a
uiis_train_002721,data\uiis_raw\train\XL_3249.jpg,f_r_764_,train,data/suim_processed/images/train_val/f_r_764_.jpg,3b18aa4e0dac78cdf34d290d36106f66d5556ebbe8a96af6ee2091290a294ce8
uiis_train_002723,data\uiis_raw\train\XL_3250.jpg,f_r_1819_,train,data/suim_processed/images/train_val/f_r_1819_.jpg,4be4fe41895f363cdc9a61e65d146e16dc8d7dff10f59ea8b9af0e3261307022
uiis_train_002724,data\uiis_raw\train\XL_3255.jpg,f_r_123_,train,data/suim_processed/images/train_val/f_r_123_.jpg,d3d78d10926fff013089302ed65f77894b37bee6792710b1198cd73559d3ad65
uiis_train_002725,data\uiis_raw\train\XL_3256.jpg,f_r_17_,val,data/suim_processed/images/train_val/f_r_17_.jpg,510336541ffc892d58bfc1a07b37929f2ccf2aa0005831bea0ad2e17cd6b87a7
uiis_train_002726,data\uiis_raw\train\XL_3257.jpg,f_r_1036_,train,data/suim_processed/images/train_val/f_r_1036_.jpg,c634b693e8ff7bcae7991f158b8e487c33b32750ac2e053691b24c227a46d41e
uiis_train_002727,data\uiis_raw\train\XL_3259.jpg,f_r_1307_,val,data/suim_processed/images/train_val/f_r_1307_.jpg,9f3120e6499fb364db9e41f87df76b1124feaab6095ec4e38eea242103f156ab
uiis_train_002729,data\uiis_raw\train\XL_3260.jpg,f_r_2077_,train,data/suim_processed/images/train_val/f_r_2077_.jpg,4b2878bd8e630e388f372afa27a4b0797e6bad460f0f565cc42e6256e92aa4dd
uiis_train_002730,data\uiis_raw\train\XL_3261.jpg,f_r_451_,train,data/suim_processed/images/train_val/f_r_451_.jpg,502b30c05c1372eb50e574c381ffb97d35f51ca1162ff63de2f6bd63bc81e81b
uiis_train_002731,data\uiis_raw\train\XL_3262.jpg,w_r_110_,train,data/suim_processed/images/train_val/w_r_110_.jpg,41cba349314d5b3f9d7a80fc8feec83c87c32eef811655593cfe3fd0570147de
uiis_train_002732,data\uiis_raw\train\XL_3263.jpg,f_r_658_,train,data/suim_processed/images/train_val/f_r_658_.jpg,9c6df54c0d74630f0ccd2270197fba7037875802766bde87a2355bbdc0ef1b3a
uiis_train_002733,data\uiis_raw\train\XL_3264.jpg,f_r_1086_,val,data/suim_processed/images/train_val/f_r_1086_.jpg,67da1b89cbcbaa027b340cec5286e5fa12e2224612f0fa2faa290bc5eaca523f
uiis_train_002734,data\uiis_raw\train\XL_3265.jpg,f_r_1047_,train,data/suim_processed/images/train_val/f_r_1047_.jpg,f16a70d5cb0710da0f3e0739d515890ad8d8879fc97224ad207c1010a5574a93
uiis_train_002735,data\uiis_raw\train\XL_3266.jpg,f_r_1495_,train,data/suim_processed/images/train_val/f_r_1495_.jpg,04248373d9a2ad33d05dffda8189f5e259b3b3fcfce482e601a5b862697708ea
uiis_train_002736,data\uiis_raw\train\XL_3267.jpg,f_r_1231_,train,data/suim_processed/images/train_val/f_r_1231_.jpg,dc7a135c427fdaf209eade0eb9cf5d3218fcdd3a9d95b96688f469e6e9407ecb
uiis_train_002737,data\uiis_raw\train\XL_3269.jpg,f_r_1042_,train,data/suim_processed/images/train_val/f_r_1042_.jpg,4569ee87e09a8157be0cbf468faa89dff320159fdcaf59e0fc5ab8b4940affe7
uiis_train_002738,data\uiis_raw\train\XL_327.jpg,w_r_23_,train,data/suim_processed/images/train_val/w_r_23_.jpg,e0ec54d722924e91e531d71a637a6ec72e153fe78daada6cf482bc3fa2481522
uiis_train_002739,data\uiis_raw\train\XL_3270.jpg,f_r_1970_,train,data/suim_processed/images/train_val/f_r_1970_.jpg,1aa3b3f74aabbe49a005af2fa7834c9083635fc174bf9bd6d8ff8f1a2c051596
uiis_train_002740,data\uiis_raw\train\XL_3272.jpg,f_r_1355_,train,data/suim_processed/images/train_val/f_r_1355_.jpg,372d76a851994d9ecb26d82f7a46c12c9a5c693655adf5dd593b1dbf9534b1bf
uiis_train_002743,data\uiis_raw\train\XL_3276.jpg,f_r_1107_,calibration,data/suim_processed/images/train_val/f_r_1107_.jpg,8e605759f8ce2dfab4a69a42ccb5bceee2a652b08d38f2df2b0dfb528dd36055
uiis_train_002744,data\uiis_raw\train\XL_3278.jpg,f_r_1963_,train,data/suim_processed/images/train_val/f_r_1963_.jpg,2d5cbd98085979d6404e7f0268aafb495aa105a709050528544aa967a3544df2
uiis_train_002746,data\uiis_raw\train\XL_3280.jpg,f_r_1623_,train,data/suim_processed/images/train_val/f_r_1623_.jpg,be5d538f11db6c097a73515615a154723d888d9f8a97e721eb9cd34067c0d8cc
uiis_train_002747,data\uiis_raw\train\XL_3281.jpg,f_r_1437_,val,data/suim_processed/images/train_val/f_r_1437_.jpg,9b363d5d9e102be60bc77bc207170a1c38407844cd35ce51802cce7b0f2e526d
uiis_train_002748,data\uiis_raw\train\XL_3284.jpg,f_r_500_,train,data/suim_processed/images/train_val/f_r_500_.jpg,c7326a0790d5f2ef3a7c0a918050d6b7c1d341108c4141fb9a399df4d2559375
uiis_train_002749,data\uiis_raw\train\XL_3289.jpg,f_r_920_,train,data/suim_processed/images/train_val/f_r_920_.jpg,acb253efa7b81675107229a5c199a9eefbc2994577f17549bd39eee4074bfe26
uiis_train_002750,data\uiis_raw\train\XL_3290.jpg,f_r_1962_,val,data/suim_processed/images/train_val/f_r_1962_.jpg,41044a04a0f1a9afc728382c2936d6310c0806dbeb714c22b80cad3415cd01b9
uiis_train_002751,data\uiis_raw\train\XL_3291.jpg,f_r_1860_,train,data/suim_processed/images/train_val/f_r_1860_.jpg,35af34b9c4601a2765c31ebee1b12ea2c9c83a1f3ec6042d8624d3d82ed7b812
uiis_train_002752,data\uiis_raw\train\XL_3292.jpg,f_r_639_,train,data/suim_processed/images/train_val/f_r_639_.jpg,17ea3b4fa982b7647908405eeb4b4a134572d230ddf0e01608154443fe664a59
uiis_train_002753,data\uiis_raw\train\XL_3293.jpg,f_r_290_,train,data/suim_processed/images/train_val/f_r_290_.jpg,7810cfb35589f189a73c69a31b971e6bc68dab3efdfae59a5cf6c8a8bc492d9c
uiis_train_002754,data\uiis_raw\train\XL_3296.jpg,f_r_1872_,train,data/suim_processed/images/train_val/f_r_1872_.jpg,fe3429feb7fb92874e81d0376fbcdaf88784f834f77d8a09d349472fc864aa9c
uiis_train_002755,data\uiis_raw\train\XL_3297.jpg,f_r_1958_,train,data/suim_processed/images/train_val/f_r_1958_.jpg,c82b9a7295f39c208fdb733748a5edd6e6d81d4ef0e7968451fbbfa6915ea29c
uiis_train_002756,data\uiis_raw\train\XL_3298.jpg,f_r_1925_,train,data/suim_processed/images/train_val/f_r_1925_.jpg,74596b980ca7b867c8c81ed7f364e9eb008e109352348d294dd0a386e45ed71d
uiis_train_002757,data\uiis_raw\train\XL_3299.jpg,f_r_1991_,calibration,data/suim_processed/images/train_val/f_r_1991_.jpg,2463471caf436e45e6843d5946eafe44232848d2834dad664b0228090e5fb7a5
uiis_train_002759,data\uiis_raw\train\XL_3301.jpg,f_r_1673_,train,data/suim_processed/images/train_val/f_r_1673_.jpg,aca734def7b12fd4c44dee1557917ddbf6147fe4cee415fe341663fb445e2f1d
uiis_train_002760,data\uiis_raw\train\XL_3303.jpg,f_r_569_,val,data/suim_processed/images/train_val/f_r_569_.jpg,78b0c910e92bb5964da1c1c8f392bc4ddcd8940ed17eb8d5c236edabb647495e
uiis_train_002761,data\uiis_raw\train\XL_3304.jpg,f_r_1729_,val,data/suim_processed/images/train_val/f_r_1729_.jpg,c9536ad2cdebdd4ba1388cee80cea013e25d20141b8208fbeb25b36df19ac46e
uiis_train_002762,data\uiis_raw\train\XL_3305.jpg,n_l_62_,train,data/suim_processed/images/train_val/n_l_62_.jpg,13469f31d4f9e436eb5fb04aaf254ab760f546b24561efd39517f3407d43f9e7
uiis_train_002763,data\uiis_raw\train\XL_3306.jpg,f_r_490_,train,data/suim_processed/images/train_val/f_r_490_.jpg,431688032d195ef12dabd5832e2f07c98f23772a5e3291f56ae80ef046d762be
uiis_train_002764,data\uiis_raw\train\XL_3308.jpg,f_r_1075_,train,data/suim_processed/images/train_val/f_r_1075_.jpg,9d91f0a683c6a9e349ae2a87ad8aeff3a3584f6102ef5c30c9be73e9ba93066c
uiis_train_002765,data\uiis_raw\train\XL_3309.jpg,f_r_785_,train,data/suim_processed/images/train_val/f_r_785_.jpg,631ca4d86100a83deecd7275e427170b07286475863dae0facc7a00a8222cd18
uiis_train_002767,data\uiis_raw\train\XL_3310.jpg,f_r_1227_,val,data/suim_processed/images/train_val/f_r_1227_.jpg,66081b5ff10cc17513979542700c446b9fb4bc5123d3b8ff10d034cf98f3884e
uiis_train_002768,data\uiis_raw\train\XL_3312.jpg,f_r_1119_,calibration,data/suim_processed/images/train_val/f_r_1119_.jpg,7a01527cb2689ee5377cf476b2d5907f9be796e34cd261180cc1fb95bbff02b3
uiis_train_002769,data\uiis_raw\train\XL_3313.jpg,f_r_980_,train,data/suim_processed/images/train_val/f_r_980_.jpg,cf40a2b2f37e258f166b1e4d9651a331f0ec869bc0acb4afb89034848522a3f6
uiis_train_002770,data\uiis_raw\train\XL_3315.jpg,d_r_519_,train,data/suim_processed/images/train_val/d_r_519_.jpg,973ffc56d6adc6818010bfb7b1f5928f91b63b29f3abb78049f508551de0b517
uiis_train_002771,data\uiis_raw\train\XL_3316.jpg,f_r_3_,train,data/suim_processed/images/train_val/f_r_3_.jpg,fdeab15d7a4c7da0e03d993dfd5a013975a24d8fae3894d6bdb65e6526ea346b
uiis_train_002772,data\uiis_raw\train\XL_3317.jpg,f_r_426_,train,data/suim_processed/images/train_val/f_r_426_.jpg,c5f8249f3effb68fd7ab6f3034e6e97b0e8a9af0eeb9bb62b61ee24b9d267bcd
uiis_train_002774,data\uiis_raw\train\XL_3320.jpg,f_r_1941_,train,data/suim_processed/images/train_val/f_r_1941_.jpg,b34451473324fd0067577058ff4b9a2f9028d9400ba8c736d8f4349c3af8ecd5
uiis_train_002775,data\uiis_raw\train\XL_3323.jpg,f_r_491_,train,data/suim_processed/images/train_val/f_r_491_.jpg,550ba3e37e6447d9f524fc2b22631a4b5622e43081616699dc198ddb2c7e33ee
uiis_train_002776,data\uiis_raw\train\XL_3324.jpg,f_r_1501_,train,data/suim_processed/images/train_val/f_r_1501_.jpg,c9b321878ed9454598a81c8b59a48acb2b533467237275f4f466f84a966d83d4
uiis_train_002777,data\uiis_raw\train\XL_3325.jpg,f_r_173_,train,data/suim_processed/images/train_val/f_r_173_.jpg,faede9b738f17c98dc2ac79899bfe543ebba7488a77ae6eb47da890f434f384e
uiis_train_002778,data\uiis_raw\train\XL_3326.jpg,f_r_1162_,train,data/suim_processed/images/train_val/f_r_1162_.jpg,e7d1aff9f2f9fedf6751d87a470f564a572dcd1f9730f79c6fb43ed28d761e40
uiis_train_002779,data\uiis_raw\train\XL_3329.jpg,f_r_828_,train,data/suim_processed/images/train_val/f_r_828_.jpg,43fba5ea14276d4fde47826189c24a26025420538d9e20e6c1cf5b223ac0c64c
uiis_train_002781,data\uiis_raw\train\XL_3330.jpg,f_r_1667_,train,data/suim_processed/images/train_val/f_r_1667_.jpg,7cac36e610216cfca2ac5a6f5ca07c86ceabad77d17ee0fa468f24936ff976f3
uiis_train_002782,data\uiis_raw\train\XL_3331.jpg,f_r_1690_,train,data/suim_processed/images/train_val/f_r_1690_.jpg,a13c0c63f62b8741495a4191c16f6399956d19aa01f20fd4ba9ec109bec9b88d
uiis_train_002783,data\uiis_raw\train\XL_3333.jpg,f_r_1488_,train,data/suim_processed/images/train_val/f_r_1488_.jpg,61454e4b16e045b984a365f221577546369c5d31bb03cef62a625a63b36f2761
uiis_train_002784,data\uiis_raw\train\XL_3334.jpg,f_r_1123_,train,data/suim_processed/images/train_val/f_r_1123_.jpg,b615df22f27f178e56179b2d2e056d13ace187b5025d66ee676d14d1b6714cb9
uiis_train_002785,data\uiis_raw\train\XL_3336.jpg,f_r_753_,calibration,data/suim_processed/images/train_val/f_r_753_.jpg,12b018608479ccbb5312c612607c6e4ccb6ec4f0ce2bc75770d9de42e323da99
uiis_train_002786,data\uiis_raw\train\XL_3337.jpg,f_r_909_,train,data/suim_processed/images/train_val/f_r_909_.jpg,fe343632a9101fcce0e3aed92667696b92c14114d2b6e027760117936ef0b68f
uiis_train_002787,data\uiis_raw\train\XL_3338.jpg,f_r_1518_,train,data/suim_processed/images/train_val/f_r_1518_.jpg,90c0c7c3c70ef7ff40e0ed6497703c5ee0a3037383a1b85a7c46892c7b1565b1
uiis_train_002788,data\uiis_raw\train\XL_3339.jpg,f_r_1763_,train,data/suim_processed/images/train_val/f_r_1763_.jpg,2618b4ef8ff89e17472f622fafa2552f0c51820556a24183164adcb84660b904
uiis_train_002789,data\uiis_raw\train\XL_3340.jpg,f_r_281_,calibration,data/suim_processed/images/train_val/f_r_281_.jpg,5df7fd9669ce3e5c94697bdca0a32d0274e2ecfb61c4c7f882f676906949c166
uiis_train_002790,data\uiis_raw\train\XL_3344.jpg,f_r_2017_,train,data/suim_processed/images/train_val/f_r_2017_.jpg,62365273345aca25b6536e8726286abeeb9005892629fac6969b36e88b9b530e
uiis_train_002791,data\uiis_raw\train\XL_3345.jpg,f_r_1736_,train,data/suim_processed/images/train_val/f_r_1736_.jpg,44735ba3de5e95e5d1ee152ff486b1fddac6c1434283d1729c5437397b42d35b
uiis_train_002792,data\uiis_raw\train\XL_3346.jpg,f_r_1023_,train,data/suim_processed/images/train_val/f_r_1023_.jpg,dce515be382d630c7cc35ea91e6a6bb4f97d767a9aa4abce146c88ab1b2114bb
uiis_train_002793,data\uiis_raw\train\XL_3347.jpg,f_r_495_,train,data/suim_processed/images/train_val/f_r_495_.jpg,b9cbda05af7c653a06091069ab492fa0ddc2b4da6b3fa1e70211b0cf81fcb854
uiis_train_002794,data\uiis_raw\train\XL_3348.jpg,f_r_1956_,train,data/suim_processed/images/train_val/f_r_1956_.jpg,c37fbbccbe9c7c8f48932a888c57f8a3657dedb897b5ea79fa1cd88558379472
uiis_train_002795,data\uiis_raw\train\XL_3349.jpg,w_r_207_,train,data/suim_processed/images/train_val/w_r_207_.jpg,1c864ceffb41123d1c3038e723c6896d05bd868da85fa9c3747a30d6c3a9b211
uiis_train_002796,data\uiis_raw\train\XL_3351.jpg,f_r_906_,train,data/suim_processed/images/train_val/f_r_906_.jpg,b65bbf08818e308303c00ed491594b5404ff659a6b9c0c599788b9bbdef8c4b9
uiis_train_002797,data\uiis_raw\train\XL_3352.jpg,f_r_605_,train,data/suim_processed/images/train_val/f_r_605_.jpg,dfa847a4ef46f9f23169d12ce3f2fc28d179773cb87afba8d06f94f6fc5b7b78
uiis_train_002798,data\uiis_raw\train\XL_3354.jpg,f_r_367_,train,data/suim_processed/images/train_val/f_r_367_.jpg,87b0f7653efc1d6854571b6c1cb93b833d7bda39b24b5dc7fc0088da3988d6c5
uiis_train_002799,data\uiis_raw\train\XL_3357.jpg,f_r_1387_,train,data/suim_processed/images/train_val/f_r_1387_.jpg,3ff3331ff98efd7d0e3d4235b1f1c6935424558b415670730f23c2166839a68e
uiis_train_002800,data\uiis_raw\train\XL_3358.jpg,f_r_1401_,train,data/suim_processed/images/train_val/f_r_1401_.jpg,dba6f6c174981288080317f34148e7c8b2950e2ee36ef3bdd1ac713e80791b4e
uiis_train_002801,data\uiis_raw\train\XL_3359.jpg,n_l_74_,train,data/suim_processed/images/train_val/n_l_74_.jpg,629d5484f5ea37673d68206edfa459c3c2276486e72431de15f36834240aa2ed
uiis_train_002802,data\uiis_raw\train\XL_3360.jpg,f_r_1807_,train,data/suim_processed/images/train_val/f_r_1807_.jpg,dd8c83cc8f1b2acafbd29663660c377b2ce13cacb901d24173b3e8f1f3bfec2a
uiis_train_002803,data\uiis_raw\train\XL_3361.jpg,f_r_1587_,train,data/suim_processed/images/train_val/f_r_1587_.jpg,873cec67387ebf8b1ef37cb05ec21fbb102a6d713a38948efedc028802b749e9
uiis_train_002804,data\uiis_raw\train\XL_337.jpg,n_l_41_,train,data/suim_processed/images/train_val/n_l_41_.jpg,4ca64e08a3e3a0371d8c7a5c72e7728e96f5d6bf6cdafce7f849b1ef14f475fe
uiis_train_002960,data\uiis_raw\train\XL_529.jpg,n_l_97_,train,data/suim_processed/images/train_val/n_l_97_.jpg,f0801f28e26fbc2c2319f0ed0f1c0cc550906892deac7fde052b0b4d81411f22
uiis_train_003047,data\uiis_raw\train\XL_621.jpg,n_l_31_,train,data/suim_processed/images/train_val/n_l_31_.jpg,d61eeab6c46f495930b8d421c7c8505307f21abe96184a0db4667e4939b5c755
uiis_train_003066,data\uiis_raw\train\XL_649.jpg,n_l_73_,calibration,data/suim_processed/images/train_val/n_l_73_.jpg,2e2447b5683080eb524004d92e81a3498eec041f2b857f28bbeef6058a0f1dc2
uiis_train_003124,data\uiis_raw\train\XL_707.jpg,w_r_22_,test,data/suim_processed/images/test/w_r_22_.jpg,deaf47fd3e2852357e35bab2ac8b6994f0f7aabd19948cbde388faa5d4103645
uiis_train_003231,data\uiis_raw\train\XL_823.jpg,d_r_797_,train,data/suim_processed/images/train_val/d_r_797_.jpg,91ffabd0e8ce57f0b151151e55d1c11fbdf2e2a9902edec2223aed63f0c3c4ed
uiis_train_003269,data\uiis_raw\train\XL_869.jpg,d_r_733_,train,data/suim_processed/images/train_val/d_r_733_.jpg,de75f54b6395375a6947987efc1d1ce604677c9df0fed2fecc95177cc8952c2e
uiis_train_003408,data\uiis_raw\train\XXL_116.jpg,n_l_20_,train,data/suim_processed/images/train_val/n_l_20_.jpg,a88e248f8a762be2fa5872cf1596a0826d789988d9626a45fd67e25c48891ce2
uiis_train_003458,data\uiis_raw\train\XXL_176.jpg,n_l_67_,val,data/suim_processed/images/train_val/n_l_67_.jpg,889d06f7e447091446ee8d46507a89df47c2e085b9250f857869a2b7f77f6231
uiis_train_003494,data\uiis_raw\train\XXL_220.jpg,f_r_445_,train,data/suim_processed/images/train_val/f_r_445_.jpg,2c66d7e183b4648cdbcacc42250778d01f8252a1a8f883611e891b7e1a4f848f
uiis_train_003521,data\uiis_raw\train\XXL_252.jpg,f_r_1546_,train,data/suim_processed/images/train_val/f_r_1546_.jpg,e6b32c503e6568f4a2e4d51a0aed98ec3629f014e5184544a3e9e298d8e683e0
uiis_train_003572,data\uiis_raw\train\XXL_314.jpg,n_l_70_,calibration,data/suim_processed/images/train_val/n_l_70_.jpg,19284a07252cc14a1a74d76077884551417a8e0f3cf290a8f88741a883ff1fdf
uiis_train_003576,data\uiis_raw\train\XXL_318.jpg,d_r_277_,test,data/suim_processed/images/test/d_r_277_.jpg,dbe746f9fa1a30c7265e1cdebc395778761f2624792dd0f5cf61f9b8ab329747
uiis_train_003584,data\uiis_raw\train\XXL_326.jpg,n_l_68_,train,data/suim_processed/images/train_val/n_l_68_.jpg,3d6cdc82654abbfa1f4591d5a2a7e0616f304b9e2c333892bbd136933670c7be
uiis_train_003589,data\uiis_raw\train\XXL_331.jpg,f_r_1892_,test,data/suim_processed/images/test/f_r_1892_.jpg,f974242a9309f343ec673ba71a2133482fb19259d95ecb4ac92d2d7632df099d
uiis_train_003618,data\uiis_raw\train\XXL_366.jpg,f_r_146_,train,data/suim_processed/images/train_val/f_r_146_.jpg,96c704e84aee8ac6d231aeecd130811e31f8823860fe56f77eb08fdc57a8a928
uiis_train_003627,data\uiis_raw\train\XXL_375.jpg,n_l_5_,train,data/suim_processed/images/train_val/n_l_5_.jpg,721f9916ec76e845c664af7070fc8fa618b69d7dc1720cbbab8fde7f5f21cf0e
uiis_train_003633,data\uiis_raw\train\XXL_381.jpg,f_r_673_,calibration,data/suim_processed/images/train_val/f_r_673_.jpg,bfc7262410637c3ddcf010639b58515e0b388ce7f249132aa083cf6caf6ab8a9
uiis_train_003644,data\uiis_raw\train\XXL_398.jpg,n_l_4_,train,data/suim_processed/images/train_val/n_l_4_.jpg,c652775b0d808cbad894272d072eff226c7f4a5ce78fef04d4e3da10904b0ec0
uiis_train_003649,data\uiis_raw\train\XXL_402.jpg,n_l_47_,train,data/suim_processed/images/train_val/n_l_47_.jpg,78f2aa9ee45ef163fe41b0fd97c8c1fecf2eff3737942fb3f75546676a407b32
uiis_train_003658,data\uiis_raw\train\XXL_410.jpg,f_r_106_,test,data/suim_processed/images/test/f_r_106_.jpg,0c974d07c86e11e3c99937a2824e61c176b0f405b739ec1228d00beb96c11440
uiis_train_003674,data\uiis_raw\train\XXL_426.jpg,n_l_49_,train,data/suim_processed/images/train_val/n_l_49_.jpg,5d77e9f0329c447b5b98cc913d278ac0d35c43260c48c240681c6eb066b19eec
uiis_train_003718,data\uiis_raw\train\XXL_477.jpg,n_l_18_,test,data/suim_processed/images/test/n_l_18_.jpg,ca1dd460d6f20b74825542eea713b1697043fe97a954f04bdd17915247981915
uiis_train_003757,data\uiis_raw\train\XXL_515.jpg,f_r_1155_,train,data/suim_processed/images/train_val/f_r_1155_.jpg,de6e796115e138255323e1fcf8aac221ca2e8f8116234a01b680b3b7d8917d64
uiis_train_003769,data\uiis_raw\train\XXL_529.jpg,n_l_105_,train,data/suim_processed/images/train_val/n_l_105_.jpg,057a5aa89fa0767ac65980aa1bc0d993ba964b3087a0b56393a9ab2e6faa268a
uiis_train_003798,data\uiis_raw\train\XXL_560.jpg,f_r_1048_,val,data/suim_processed/images/train_val/f_r_1048_.jpg,18fbf782a4a4d22eb64f03302b6ea7779b01cbeaa6f9383b74c700b7820c2647
uiis_train_003807,data\uiis_raw\train\XXL_569.jpg,n_l_109_,train,data/suim_processed/images/train_val/n_l_109_.jpg,47be8a2cf3a6f20afe32cecd15d2952ac64f5843afd52ceaaa6c0b8a1bf82485
uiis_train_003812,data\uiis_raw\train\XXL_574.jpg,d_r_195_,train,data/suim_processed/images/train_val/d_r_195_.jpg,2684a6a13c216e3b4f41db2cf855d0c50659084e14bbae65eaa527ee4a4cf131
uiis_train_003830,data\uiis_raw\train\XXL_596.jpg,n_l_51_,val,data/suim_processed/images/train_val/n_l_51_.jpg,a2bf3eca1412b6e831f0c082fad7e31c8c5535421ecf1a153f9b40569923044e
uiis_train_003855,data\uiis_raw\train\XXL_623.jpg,d_r_739_,train,data/suim_processed/images/train_val/d_r_739_.jpg,631960f1feda6766b1e28a246d14f21ae92e8a40484061bdf34940809bd8dcd6
uiis_train_003861,data\uiis_raw\train\XXL_629.jpg,n_l_28_,calibration,data/suim_processed/images/train_val/n_l_28_.jpg,612c70a4629c061b105e63e270736b0aeca8bb0210c19e8af1f33141b628424d
uiis_train_003899,data\uiis_raw\train\XXL_696.jpg,f_r_700_,train,data/suim_processed/images/train_val/f_r_700_.jpg,a5ac51fb9cee3184e9cfd24cbe6c6e7150b64d8381e49dab2454f5c8c3522eba
uiis_train_003900,data\uiis_raw\train\XXL_697.jpg,f_r_1109_,train,data/suim_processed/images/train_val/f_r_1109_.jpg,9fc39ca3be37e287f98221445bb7025f603f3d02dc25794bd3b784fde8d70878
uiis_train_003901,data\uiis_raw\train\XXL_698.jpg,d_r_404_,train,data/suim_processed/images/train_val/d_r_404_.jpg,e040e38ecce7d753c18a974e43b0ae130abd8d7116e698dd3663b4cc05cf155d
uiis_train_003902,data\uiis_raw\train\XXL_699.jpg,f_r_1077_,val,data/suim_processed/images/train_val/f_r_1077_.jpg,2c2d3139bc2111b53f68b91624528fde577056a9fbecd7f8123e5ea43cace266
uiis_train_003904,data\uiis_raw\train\XXL_701.jpg,f_r_867_,train,data/suim_processed/images/train_val/f_r_867_.jpg,4350d67f655de9d6e272e2d4170f070473aabe6b966e451086586c48e75c52fe
uiis_train_003905,data\uiis_raw\train\XXL_702.jpg,f_r_454_,train,data/suim_processed/images/train_val/f_r_454_.jpg,af05ff3071b6acfbacb2437844e25182e460411b9b49a5529457c799e77ce5e0
uiis_train_003906,data\uiis_raw\train\XXL_703.jpg,f_r_1039_,train,data/suim_processed/images/train_val/f_r_1039_.jpg,f672e94a6d91da2de9c2a8989b970cfbdc838aea85816c66d09fc73381e71a44
uiis_train_003907,data\uiis_raw\train\XXL_705.jpg,d_r_78_,train,data/suim_processed/images/train_val/d_r_78_.jpg,5ec5e16f3c7a6742f1ed147bd55d57adeb1fd66d39c36dd792634c99a3449ea1
uiis_train_003908,data\uiis_raw\train\XXL_706.jpg,f_r_180_,train,data/suim_processed/images/train_val/f_r_180_.jpg,3dbb850ba96dc9e39b074aed7de06bce62f1ff9a88fd39a5580df7094c79ed89
uiis_train_003909,data\uiis_raw\train\XXL_707.jpg,f_r_1939_,train,data/suim_processed/images/train_val/f_r_1939_.jpg,63507ee0679c04abdd03e1229631cb50b4ce63488137fb97436d53eebccd0f85
uiis_train_003910,data\uiis_raw\train\XXL_708.jpg,d_r_788_,train,data/suim_processed/images/train_val/d_r_788_.jpg,62a23ebd8a49aa7e86879c92f18cc83fed7ed74f75a1389b761d534a26b1856e
uiis_train_003911,data\uiis_raw\train\XXL_709.jpg,f_r_632_,train,data/suim_processed/images/train_val/f_r_632_.jpg,2323bc119c805a7df71bdd80ec1904bfc82c078c713ad870e93eb40a26fbd505
uiis_train_003913,data\uiis_raw\train\XXL_711.jpg,d_r_617_,train,data/suim_processed/images/train_val/d_r_617_.jpg,9b5eb4484e7d2c8412808dda06421cfa76c8e991c8ec22017e3216e927cef50e
uiis_val_000206,data\uiis_raw\val\XL_1383.jpg,d_r_259_,train,data/suim_processed/images/train_val/d_r_259_.jpg,2193151e3118a78f53d68d9fb809d0e9ad42a2f8c80cd150af06d8badd41bdfb
uiis_val_000293,data\uiis_raw\val\XL_2056.jpg,f_r_1837_,calibration,data/suim_processed/images/train_val/f_r_1837_.jpg,c4cc2e3a19215533ae62b646e3619175200d31a76e8fe0645e77f1320cc03c4e
uiis_val_000304,data\uiis_raw\val\XL_2111.jpg,f_r_1644_,test,data/suim_processed/images/test/f_r_1644_.jpg,83fb692458055c9c2327dcdad63e04a11f48084c493934051d066618efe260de
uiis_val_000330,data\uiis_raw\val\XL_2274.jpg,f_r_1854_,train,data/suim_processed/images/train_val/f_r_1854_.jpg,35e053a38d55fcf1bd7241c72237c835592108a5e8d4734a69fdcc5496a4c95e
uiis_val_000349,data\uiis_raw\val\XL_2389.jpg,n_l_107_,calibration,data/suim_processed/images/train_val/n_l_107_.jpg,ef23995039d3f7089caa67af1b48ac22cc931c2daa07365a177c8aacc10eb136
uiis_val_000368,data\uiis_raw\val\XL_2500.jpg,f_r_478_,test,data/suim_processed/images/test/f_r_478_.jpg,48979867e911a0e7eeaf3807e63b97fc6e8585d75c3125337e31ffae28d88934
uiis_val_000372,data\uiis_raw\val\XL_2516.jpg,f_r_1589_,val,data/suim_processed/images/train_val/f_r_1589_.jpg,c923a05c0667875ddb774ec51db420adfbc71a6c94d93727abbf0cc48d76304d
uiis_val_000378,data\uiis_raw\val\XL_2558.jpg,f_r_209_,test,data/suim_processed/images/test/f_r_209_.jpg,c46ca59f82cbe162d79c292bbaf0ef487277120f520e50a31e8c32ad6e91599e
uiis_val_000399,data\uiis_raw\val\XL_2719.jpg,d_r_84_,test,data/suim_processed/images/test/d_r_84_.jpg,5793758345ba5d6dcad2ac79740b71b0d6ff9878a1fd15caa53101d88d8736ed
uiis_val_000400,data\uiis_raw\val\XL_2732.jpg,f_r_644_,test,data/suim_processed/images/test/f_r_644_.jpg,e42de3db5499131dadc4edc6ac570bcc67821f71560e7525f937336812b77dff
uiis_val_000404,data\uiis_raw\val\XL_276.jpg,n_l_65_,train,data/suim_processed/images/train_val/n_l_65_.jpg,576c8bdafaaaf68587111d66f6cc84a09b16af677e80ff316955871294d61a7c
uiis_val_000415,data\uiis_raw\val\XL_2894.jpg,w_r_147_,test,data/suim_processed/images/test/w_r_147_.jpg,db7f64ed73e9426b94450bb035b59f00b86d1820c2adddc8172af9fb8fa5be2f
uiis_val_000432,data\uiis_raw\val\XL_3062.jpg,f_r_214_,test,data/suim_processed/images/test/f_r_214_.jpg,313972d9da318faca048a0ffa5c83d98682e97b29f945de971f9c164b92b0beb
uiis_val_000436,data\uiis_raw\val\XL_3081.jpg,w_r_10_,test,data/suim_processed/images/test/w_r_10_.jpg,ac8f0ee0e26ef3be81297d36590be3818b0a903e6c78dd59c338b7cb88c0995b
uiis_val_000437,data\uiis_raw\val\XL_3083.jpg,w_r_109_,test,data/suim_processed/images/test/w_r_109_.jpg,531b5ae6814068e25f2fb8374f01d9ff99b0c1ae89e1019acef504fc69bcfb6d
uiis_val_000443,data\uiis_raw\val\XL_3127.jpg,f_r_1502_,val,data/suim_processed/images/train_val/f_r_1502_.jpg,2cb36438350e8ef387a5ff9ced1bf37d8bcac101bc70f1041b5aff57e4ce107d
uiis_val_000444,data\uiis_raw\val\XL_3131.jpg,f_r_1851_,val,data/suim_processed/images/train_val/f_r_1851_.jpg,6767a5d6f894462afe79deb6f3f7221cb31dd45a6f248ccdf0aa37183a7bea9d
uiis_val_000445,data\uiis_raw\val\XL_3139.jpg,f_r_896_,train,data/suim_processed/images/train_val/f_r_896_.jpg,c56dda98cabf8b5f439124ef694c433e96e985fe8bfd2cebab72120c70f4da39
uiis_val_000447,data\uiis_raw\val\XL_3151.jpg,f_r_678_,train,data/suim_processed/images/train_val/f_r_678_.jpg,677f91c55afedb6f06c0d77461ca10bdafded50f4c2afb9fe60fce7bb660e6ed
uiis_val_000448,data\uiis_raw\val\XL_3152.jpg,f_r_824_,train,data/suim_processed/images/train_val/f_r_824_.jpg,9726838286dbc67809a06d8414d350b061837333057d86f58d3f863c87692c47
uiis_val_000449,data\uiis_raw\val\XL_3162.jpg,f_r_1804_,calibration,data/suim_processed/images/train_val/f_r_1804_.jpg,16196bfb86fdd6b954464fc194c11a88a1b4cb95b393bef79e148890b06e8667
uiis_val_000453,data\uiis_raw\val\XL_3209.jpg,f_r_2031_,train,data/suim_processed/images/train_val/f_r_2031_.jpg,c5d2cbd645b3e4fc230a652466a65fad22e56ce1766c4c589fc5ea3ad7cea315
uiis_val_000454,data\uiis_raw\val\XL_3214.jpg,f_r_1947_,train,data/suim_processed/images/train_val/f_r_1947_.jpg,57e836506e49ebcb3fc886ba408017d752c8b16e0f4beb9a8859ad8f6518f466
uiis_val_000455,data\uiis_raw\val\XL_3217.jpg,f_r_557_,train,data/suim_processed/images/train_val/f_r_557_.jpg,b01be8b788c4bd27e1a205a0bd41424df93c825c7a83501793a6496cd019c79f
uiis_val_000456,data\uiis_raw\val\XL_3222.jpg,f_r_1371_,val,data/suim_processed/images/train_val/f_r_1371_.jpg,ba0c9db3fbd66fccb67b2b8c61b83fc216892b4064c03c1593432a0d7749213d
uiis_val_000457,data\uiis_raw\val\XL_3229.jpg,f_r_1327_,train,data/suim_processed/images/train_val/f_r_1327_.jpg,d1533565f77af038aa2e3fa6b9774e43bfd9d9ecbc2537acea0508c3a4437ef4
uiis_val_000459,data\uiis_raw\val\XL_3244.jpg,f_r_280_,val,data/suim_processed/images/train_val/f_r_280_.jpg,de9ee9c34afdc47db991ccfd3486d46311cdcd403d69316db8d0a8abaf82c3a3
uiis_val_000460,data\uiis_raw\val\XL_3252.jpg,f_r_1749_,val,data/suim_processed/images/train_val/f_r_1749_.jpg,b01d3d9a2df7b061214a57e288f1cc4d1dfd9fdf8451b4116883d5bf55d16fb1
uiis_val_000461,data\uiis_raw\val\XL_3253.jpg,f_r_568_,train,data/suim_processed/images/train_val/f_r_568_.jpg,f3b8894e03d2515e578d801a3e02b62c1e490c2ab11d082c88ae69989e092697
uiis_val_000462,data\uiis_raw\val\XL_3254.jpg,f_r_635_,train,data/suim_processed/images/train_val/f_r_635_.jpg,6979130af8359b2cae18b05eac5f02e71f7637e01a50224da1d78d32b5a85284
uiis_val_000463,data\uiis_raw\val\XL_3258.jpg,f_r_970_,train,data/suim_processed/images/train_val/f_r_970_.jpg,76a246bf3e329abd1856254c701d2c70d263d66dd3727f354100d64db7332f8f
uiis_val_000464,data\uiis_raw\val\XL_3268.jpg,f_r_1443_,calibration,data/suim_processed/images/train_val/f_r_1443_.jpg,1bf1f9c5bb5815913604e371e2351fc7c5e63ae478c4e8e46f20a894afa7be16
uiis_val_000465,data\uiis_raw\val\XL_3277.jpg,f_r_1530_,train,data/suim_processed/images/train_val/f_r_1530_.jpg,bb32cfdd510e0e997a489abf2da7992e02b43263e486eb70d5abf974aeb058dc
uiis_val_000466,data\uiis_raw\val\XL_3282.jpg,f_r_1559_,train,data/suim_processed/images/train_val/f_r_1559_.jpg,ea97f85d4751e9141cd7dd1559d96f1670f02cb51cfe817d3edd7265d1273d4d
uiis_val_000467,data\uiis_raw\val\XL_3286.jpg,w_r_239_,train,data/suim_processed/images/train_val/w_r_239_.jpg,0c3d424c8bab630205d024bbfeffe558dcfbbedb5ccb741916baa4c861a8392b
uiis_val_000468,data\uiis_raw\val\XL_3287.jpg,f_r_352_,train,data/suim_processed/images/train_val/f_r_352_.jpg,3f561a7c4b2ff5c350f303bb0e9097d387cbdcce68fa27a44b99e0f64c70ca5c
uiis_val_000469,data\uiis_raw\val\XL_3294.jpg,f_r_1990_,train,data/suim_processed/images/train_val/f_r_1990_.jpg,c4c3ee8f8792982d4312e1ee25b0d9fc60460e8a4c6249b7583017b23095e2a8
uiis_val_000471,data\uiis_raw\val\XL_3300.jpg,f_r_2041_,train,data/suim_processed/images/train_val/f_r_2041_.jpg,0f8309baf2c9e7d1c971bc475cddcdbfa731ca23dcdaa49a9ea5481cdaa43871
uiis_val_000472,data\uiis_raw\val\XL_3307.jpg,f_r_583_,train,data/suim_processed/images/train_val/f_r_583_.jpg,f7a79f2ecf77980298bc93b4fcc34411be2d80d5ff26997c985614c99802a409
uiis_val_000473,data\uiis_raw\val\XL_3311.jpg,f_r_219_,train,data/suim_processed/images/train_val/f_r_219_.jpg,2c279b960580ea22068e692bba5f34d95c24310e08df7f89c97f0dc527465e37
uiis_val_000474,data\uiis_raw\val\XL_3319.jpg,f_r_2003_,train,data/suim_processed/images/train_val/f_r_2003_.jpg,f931bafb4d341313e80c7722a28ebdb33684c009382452837457bbc37d26cd17
uiis_val_000476,data\uiis_raw\val\XL_3322.jpg,f_r_1088_,train,data/suim_processed/images/train_val/f_r_1088_.jpg,ab3d21634d8ba9b80815e643b01eb2a4e2ce8a0221c121eb3e96e09654b54ec7
uiis_val_000477,data\uiis_raw\val\XL_3328.jpg,f_r_407_,train,data/suim_processed/images/train_val/f_r_407_.jpg,1836e6481f6da6c8d1ba66490fc6d6b79b7977f5ba0def89b3a94f76d1a3d85c
uiis_val_000479,data\uiis_raw\val\XL_3341.jpg,f_r_1765_,train,data/suim_processed/images/train_val/f_r_1765_.jpg,7ccd751f1d6b696eca91930a15385b736d3c445cdb8724d8ad5daceeda849f5f
uiis_val_000481,data\uiis_raw\val\XL_3355.jpg,d_r_185_,train,data/suim_processed/images/train_val/d_r_185_.jpg,ec14e713ca9cf05c700b26293665825a236418cb6cab9d67b96520cbc02a761f
uiis_val_000605,data\uiis_raw\val\XXL_173.jpg,n_l_10_,train,data/suim_processed/images/train_val/n_l_10_.jpg,f14cf86026909776acf3e38b16133b47e198661c6901bf4ba8b62a0594b41035
uiis_val_000618,data\uiis_raw\val\XXL_267.jpg,n_l_30_,train,data/suim_processed/images/train_val/n_l_30_.jpg,ab13aa375adf9505e49979f6d386330b70b736e735c6fdcda4c97a6d68ae761a
uiis_val_000624,data\uiis_raw\val\XXL_290.jpg,n_l_17_,train,data/suim_processed/images/train_val/n_l_17_.jpg,60733acedf29196fb60b501fb4aa21c30c7ea5ce7be36f25710e1d210d2a62c1
uiis_val_000669,data\uiis_raw\val\XXL_592.jpg,f_r_1783_,calibration,data/suim_processed/images/train_val/f_r_1783_.jpg,20fdd2d40ac0fe526f4df8ade0dcd1c57575170f3e0e78094e050dbcebfb4f2d
uiis_val_000674,data\uiis_raw\val\XXL_613.jpg,f_r_1529_,train,data/suim_processed/images/train_val/f_r_1529_.jpg,9dfe114745ea251b68bcd6d04174188d34b539cf780e75078c5427c1e1e3f177
uiis_val_000679,data\uiis_raw\val\XXL_648.jpg,d_r_386_,test,data/suim_processed/images/test/d_r_386_.jpg,e6d30249ec6352eb19d33bfaaa73f79a66828378079cb17cd6ba05abdaee0755
uiis_val_000683,data\uiis_raw\val\XXL_710.jpg,f_r_766_,train,data/suim_processed/images/train_val/f_r_766_.jpg,824cd1a9c07eb0d7f3412fbc06fbdba941d746d8a6086ab4f5462d06a9e57bd4
