uiis_sample_id,decision,reason
uiis_train_000006,exclude,conservative_phash_le_2_overlap_screen
uiis_train_000022,exclude,conservative_phash_le_2_overlap_screen
uiis_train_000026,exclude,conservative_phash_le_2_overlap_screen
uiis_train_000028,exclude,conservative_phash_le_2_overlap_screen
uiis_train_000030,exclude,conservative_phash_le_2_overlap_screen
uiis_train_000033,exclude,conservative_phash_le_2_overlap_screen
uiis_train_000038,exclude,conservative_phash_le_2_overlap_screen
uiis_train_000042,exclude,conservative_phash_le_2_overlap_screen
uiis_train_000048,exclude,conservative_phash_le_2_overlap_screen
uiis_train_000050,exclude,conservative_phash_le_2_overlap_screen
uiis_train_000074,exclude,conservative_phash_le_2_overlap_screen
uiis_train_000078,exclude,conservative_phash_le_2_overlap_screen
uiis_train_000119,exclude,conservative_phash_le_2_overlap_screen
uiis_train_000123,exclude,conservative_phash_le_2_overlap_screen
uiis_train_000126,exclude,conservative_phash_le_2_overlap_screen
uiis_train_000155,exclude,conservative_phash_le_2_overlap_screen
uiis_train_000163,exclude,conservative_phash_le_2_overlap_screen
uiis_train_000165,exclude,conservative_phash_le_2_overlap_screen
uiis_train_000170,exclude,conservative_phash_le_2_overlap_screen
uiis_train_000176,exclude,conservative_phash_le_2_overlap_screen
uiis_train_000178,exclude,conservative_phash_le_2_overlap_screen
uiis_train_000204,exclude,conservative_phash_le_2_overlap_screen
uiis_train_000207,exclude,conservative_phash_le_2_overlap_screen
uiis_train_000213,exclude,conservative_phash_le_2_overlap_screen
uiis_train_000217,exclude,conservative_phash_le_2_overlap_screen
uiis_train_000222,exclude,conservative_phash_le_2_overlap_screen
uiis_train_000223,exclude,conservative_phash_le_2_overlap_screen
uiis_train_000226,exclude,conservative_phash_le_2_overlap_screen
uiis_train_000237,exclude,conservative_phash_le_2_overlap_screen
uiis_train_000262,exclude,conservative_phash_le_2_overlap_screen
uiis_train_000272,exclude,conservative_phash_le_2_overlap_screen
uiis_train_000286,exclude,conservative_phash_le_2_overlap_screen
uiis_train_000292,exclude,conservative_phash_le_2_overlap_screen
uiis_train_000293,exclude,conservative_phash_le_2_overlap_screen
uiis_train_000301,exclude,conservative_phash_le_2_overlap_screen
uiis_train_000306,exclude,conservative_phash_le_2_overlap_screen
uiis_train_000307,exclude,conservative_phash_le_2_overlap_screen
uiis_train_000317,exclude,conservative_phash_le_2_overlap_screen
uiis_train_000327,exclude,conservative_phash_le_2_overlap_screen
uiis_train_000331,exclude,conservative_phash_le_2_overlap_screen
uiis_train_000337,exclude,conservative_phash_le_2_overlap_screen
uiis_train_000358,exclude,conservative_phash_le_2_overlap_screen
uiis_train_000383,exclude,conservative_phash_le_2_overlap_screen
uiis_train_000393,exclude,conservative_phash_le_2_overlap_screen
uiis_train_000414,exclude,conservative_phash_le_2_overlap_screen
uiis_train_000420,exclude,conservative_phash_le_2_overlap_screen
uiis_train_000427,exclude,conservative_phash_le_2_overlap_screen
uiis_train_000449,exclude,conservative_phash_le_2_overlap_screen
uiis_train_000456,exclude,conservative_phash_le_2_overlap_screen
uiis_train_000494,exclude,conservative_phash_le_2_overlap_screen
uiis_train_000495,exclude,conservative_phash_le_2_overlap_screen
uiis_train_000503,exclude,conservative_phash_le_2_overlap_screen
uiis_train_000508,exclude,conservative_phash_le_2_overlap_screen
uiis_train_000513,exclude,conservative_phash_le_2_overlap_screen
uiis_train_000527,exclude,conservative_phash_le_2_overlap_screen
uiis_train_000538,exclude,conservative_phash_le_2_overlap_screen
uiis_train_000548,exclude,conservative_phash_le_2_overlap_screen
uiis_train_000576,exclude,conservative_phash_le_2_overlap_screen
uiis_train_000581,exclude,conservative_phash_le_2_overlap_screen
uiis_train_000613,exclude,conservative_phash_le_2_overlap_screen
uiis_train_000622,exclude,conservative_phash_le_2_overlap_screen
uiis_train_000623,exclude,conservative_phash_le_2_overlap_screen
uiis_train_000624,exclude,conservative_phash_le_2_overlap_screen
uiis_train_000634,exclude,conservative_phash_le_2_overlap_screen
uiis_train_000642,exclude,conservative_phash_le_2_overlap_screen
uiis_train_000665,exclude,conservative_phash_le_2_overlap_screen
uiis_train_000672,exclude,conservative_phash_le_2_overlap_screen
uiis_train_000729,exclude,conservative_phash_le_2_overlap_screen
uiis_train_000744,exclude,conservative_phash_le_2_overlap_screen
uiis_train_000747,exclude,conservative_phash_le_2_overlap_screen
uiis_train_000754,exclude,conservative_phash_le_2_overlap_screen
uiis_train_000788,exclude,conservative_phash_le_2_overlap_screen
uiis_train_000816,exclude,conservative_phash_le_2_overlap_screen
uiis_train_000824,exclude,conservative_phash_le_2_overlap_screen
uiis_train_000831,exclude,conservative_phash_le_2_overlap_screen
uiis_train_000840,exclude,conservative_phash_le_2_overlap_screen
uiis_train_000844,exclude,conservative_phash_le_2_overlap_screen
uiis_train_000851,exclude,conservative_phash_le_2_overlap_screen
uiis_train_000853,exclude,conservative_phash_le_2_overlap_screen
uiis_train_000854,exclude,conservative_phash_le_2_overlap_screen
uiis_train_000859,exclude,conservative_phash_le_2_overlap_screen
uiis_train_000863,exclude,conservative_phash_le_2_overlap_screen
uiis_train_000867,exclude,conservative_phash_le_2_overlap_screen
uiis_train_000868,exclude,conservative_phash_le_2_overlap_screen
uiis_train_000872,exclude,conservative_phash_le_2_overlap_screen
uiis_train_000874,exclude,conservative_phash_le_2_overlap_screen
uiis_train_000875,exclude,conservative_phash_le_2_overlap_screen
uiis_train_000879,exclude,conservative_phash_le_2_overlap_screen
uiis_train_000883,exclude,conservative_phash_le_2_overlap_screen
uiis_train_000884,exclude,conservative_phash_le_2_overlap_screen
uiis_train_000889,exclude,conservative_phash_le_2_overlap_screen
uiis_train_000892,exclude,conservative_phash_le_2_overlap_screen
uiis_train_000893,exclude,conservative_phash_le_2_overlap_screen
uiis_train_000894,exclude,exact_sha256_overlap_with_suim
uiis_train_000895,exclude,conservative_phash_le_2_overlap_screen
uiis_train_000896,exclude,exact_sha256_overlap_with_suim
uiis_train_000901,exclude,conservative_phash_le_2_overlap_screen
uiis_train_000905,exclude,conservative_phash_le_2_overlap_screen
uiis_train_000906,exclude,conservative_phash_le_2_overlap_screen
uiis_train_000910,exclude,conservative_phash_le_2_overlap_screen
uiis_train_000916,exclude,conservative_phash_le_2_overlap_screen
uiis_train_000920,exclude,conservative_phash_le_2_overlap_screen
uiis_train_000922,exclude,conservative_phash_le_2_overlap_screen
uiis_train_000924,exclude,conservative_phash_le_2_overlap_screen
uiis_train_000933,exclude,conservative_phash_le_2_overlap_screen
uiis_train_000936,exclude,conservative_phash_le_2_overlap_screen
uiis_train_000941,exclude,conservative_phash_le_2_overlap_screen
uiis_train_000947,exclude,conservative_phash_le_2_overlap_screen
uiis_train_000948,exclude,conservative_phash_le_2_overlap_screen
uiis_train_000964,exclude,conservative_phash_le_2_overlap_screen
uiis_train_000970,exclude,conservative_phash_le_2_overlap_screen
uiis_train_000973,exclude,conservative_phash_le_2_overlap_screen
uiis_train_000978,exclude,exact_sha256_overlap_with_suim
uiis_train_000981,exclude,conservative_phash_le_2_overlap_screen
uiis_train_000983,exclude,exact_sha256_overlap_with_suim
uiis_train_000986,exclude,conservative_phash_le_2_overlap_screen
uiis_train_000990,exclude,conservative_phash_le_2_overlap_screen
uiis_train_000991,exclude,conservative_phash_le_2_overlap_screen
uiis_train_000994,exclude,conservative_phash_le_2_overlap_screen
uiis_train_000997,exclude,exact_sha256_overlap_with_suim
uiis_train_000998,exclude,conservative_phash_le_2_overlap_screen
uiis_train_000999,exclude,conservative_phash_le_2_overlap_screen
uiis_train_001000,exclude,conservative_phash_le_2_overlap_screen
uiis_train_001003,exclude,conservative_phash_le_2_overlap_screen
uiis_train_001004,exclude,conservative_phash_le_2_overlap_screen
uiis_train_001007,exclude,conservative_phash_le_2_overlap_screen
uiis_train_001009,exclude,conservative_phash_le_2_overlap_screen
uiis_train_001011,exclude,conservative_phash_le_2_overlap_screen
uiis_train_001012,exclude,conservative_phash_le_2_overlap_screen
uiis_train_001013,exclude,conservative_phash_le_2_overlap_screen
uiis_train_001015,exclude,conservative_phash_le_2_overlap_screen
uiis_train_001020,exclude,conservative_phash_le_2_overlap_screen
uiis_train_001022,exclude,conservative_phash_le_2_overlap_screen
uiis_train_001024,exclude,conservative_phash_le_2_overlap_screen
uiis_train_001027,exclude,conservative_phash_le_2_overlap_screen
uiis_train_001035,exclude,conservative_phash_le_2_overlap_screen
uiis_train_001037,exclude,conservative_phash_le_2_overlap_screen
uiis_train_001041,exclude,conservative_phash_le_2_overlap_screen
uiis_train_001043,exclude,conservative_phash_le_2_overlap_screen
uiis_train_001047,exclude,conservative_phash_le_2_overlap_screen
uiis_train_001049,exclude,exact_sha256_overlap_with_suim
uiis_train_001051,exclude,conservative_phash_le_2_overlap_screen
uiis_train_001053,exclude,conservative_phash_le_2_overlap_screen
uiis_train_001054,exclude,conservative_phash_le_2_overlap_screen
uiis_train_001055,exclude,conservative_phash_le_2_overlap_screen
uiis_train_001064,exclude,conservative_phash_le_2_overlap_screen
uiis_train_001067,exclude,conservative_phash_le_2_overlap_screen
uiis_train_001071,exclude,conservative_phash_le_2_overlap_screen
uiis_train_001072,exclude,conservative_phash_le_2_overlap_screen
uiis_train_001074,exclude,conservative_phash_le_2_overlap_screen
uiis_train_001078,exclude,exact_sha256_overlap_with_suim
uiis_train_001079,exclude,exact_sha256_overlap_with_suim
uiis_train_001080,exclude,conservative_phash_le_2_overlap_screen
uiis_train_001082,exclude,conservative_phash_le_2_overlap_screen
uiis_train_001084,exclude,conservative_phash_le_2_overlap_screen
uiis_train_001085,exclude,conservative_phash_le_2_overlap_screen
uiis_train_001086,exclude,conservative_phash_le_2_overlap_screen
uiis_train_001087,exclude,conservative_phash_le_2_overlap_screen
uiis_train_001090,exclude,conservative_phash_le_2_overlap_screen
uiis_train_001094,exclude,conservative_phash_le_2_overlap_screen
uiis_train_001099,exclude,conservative_phash_le_2_overlap_screen
uiis_train_001104,exclude,conservative_phash_le_2_overlap_screen
uiis_train_001105,exclude,conservative_phash_le_2_overlap_screen
uiis_train_001107,exclude,conservative_phash_le_2_overlap_screen
uiis_train_001108,exclude,conservative_phash_le_2_overlap_screen
uiis_train_001109,exclude,conservative_phash_le_2_overlap_screen
uiis_train_001110,exclude,conservative_phash_le_2_overlap_screen
uiis_train_001114,exclude,conservative_phash_le_2_overlap_screen
uiis_train_001116,exclude,conservative_phash_le_2_overlap_screen
uiis_train_001117,exclude,conservative_phash_le_2_overlap_screen
uiis_train_001118,exclude,conservative_phash_le_2_overlap_screen
uiis_train_001120,exclude,conservative_phash_le_2_overlap_screen
uiis_train_001121,exclude,conservative_phash_le_2_overlap_screen
uiis_train_001125,exclude,conservative_phash_le_2_overlap_screen
uiis_train_001126,exclude,conservative_phash_le_2_overlap_screen
uiis_train_001129,exclude,conservative_phash_le_2_overlap_screen
uiis_train_001133,exclude,conservative_phash_le_2_overlap_screen
uiis_train_001139,exclude,conservative_phash_le_2_overlap_screen
uiis_train_001147,exclude,conservative_phash_le_2_overlap_screen
uiis_train_001150,exclude,conservative_phash_le_2_overlap_screen
uiis_train_001151,exclude,conservative_phash_le_2_overlap_screen
uiis_train_001152,exclude,conservative_phash_le_2_overlap_screen
uiis_train_001156,exclude,conservative_phash_le_2_overlap_screen
uiis_train_001157,exclude,conservative_phash_le_2_overlap_screen
uiis_train_001158,exclude,conservative_phash_le_2_overlap_screen
uiis_train_001161,exclude,conservative_phash_le_2_overlap_screen
uiis_train_001163,exclude,conservative_phash_le_2_overlap_screen
uiis_train_001167,exclude,conservative_phash_le_2_overlap_screen
uiis_train_001175,exclude,conservative_phash_le_2_overlap_screen
uiis_train_001180,exclude,conservative_phash_le_2_overlap_screen
uiis_train_001181,exclude,conservative_phash_le_2_overlap_screen
uiis_train_001182,exclude,conservative_phash_le_2_overlap_screen
uiis_train_001183,exclude,conservative_phash_le_2_overlap_screen
uiis_train_001186,exclude,conservative_phash_le_2_overlap_screen
uiis_train_001188,exclude,conservative_phash_le_2_overlap_screen
uiis_train_001191,exclude,conservative_phash_le_2_overlap_screen
uiis_train_001192,exclude,conservative_phash_le_2_overlap_screen
uiis_train_001196,exclude,conservative_phash_le_2_overlap_screen
uiis_train_001199,exclude,conservative_phash_le_2_overlap_screen
uiis_train_001200,exclude,conservative_phash_le_2_overlap_screen
uiis_train_001204,exclude,conservative_phash_le_2_overlap_screen
uiis_train_001205,exclude,conservative_phash_le_2_overlap_screen
uiis_train_001206,exclude,conservative_phash_le_2_overlap_screen
uiis_train_001209,exclude,conservative_phash_le_2_overlap_screen
uiis_train_001211,exclude,conservative_phash_le_2_overlap_screen
uiis_train_001212,exclude,conservative_phash_le_2_overlap_screen
uiis_train_001215,exclude,conservative_phash_le_2_overlap_screen
uiis_train_001216,exclude,conservative_phash_le_2_overlap_screen
uiis_train_001220,exclude,conservative_phash_le_2_overlap_screen
uiis_train_001227,exclude,conservative_phash_le_2_overlap_screen
uiis_train_001237,exclude,conservative_phash_le_2_overlap_screen
uiis_train_001238,exclude,conservative_phash_le_2_overlap_screen
uiis_train_001244,exclude,conservative_phash_le_2_overlap_screen
uiis_train_001245,exclude,conservative_phash_le_2_overlap_screen
uiis_train_001247,exclude,conservative_phash_le_2_overlap_screen
uiis_train_001248,exclude,conservative_phash_le_2_overlap_screen
uiis_train_001250,exclude,exact_sha256_overlap_with_suim
uiis_train_001251,exclude,conservative_phash_le_2_overlap_screen
uiis_train_001252,exclude,conservative_phash_le_2_overlap_screen
uiis_train_001254,exclude,conservative_phash_le_2_overlap_screen
uiis_train_001255,exclude,exact_sha256_overlap_with_suim
uiis_train_001268,exclude,conservative_phash_le_2_overlap_screen
uiis_train_001273,exclude,conservative_phash_le_2_overlap_screen
uiis_train_001274,exclude,conservative_phash_le_2_overlap_screen
uiis_train_001275,exclude,conservative_phash_le_2_overlap_screen
uiis_train_001276,exclude,conservative_phash_le_2_overlap_screen
uiis_train_001282,exclude,exact_sha256_overlap_with_suim
uiis_train_001288,exclude,conservative_phash_le_2_overlap_screen
uiis_train_001289,exclude,conservative_phash_le_2_overlap_screen
uiis_train_001290,exclude,conservative_phash_le_2_overlap_screen
uiis_train_001291,exclude,conservative_phash_le_2_overlap_screen
uiis_train_001293,exclude,conservative_phash_le_2_overlap_screen
uiis_train_001295,exclude,conservative_phash_le_2_overlap_screen
uiis_train_001296,exclude,conservative_phash_le_2_overlap_screen
uiis_train_001297,exclude,conservative_phash_le_2_overlap_screen
uiis_train_001302,exclude,conservative_phash_le_2_overlap_screen
uiis_train_001310,exclude,conservative_phash_le_2_overlap_screen
uiis_train_001312,exclude,conservative_phash_le_2_overlap_screen
uiis_train_001313,exclude,conservative_phash_le_2_overlap_screen
uiis_train_001316,exclude,conservative_phash_le_2_overlap_screen
uiis_train_001317,exclude,conservative_phash_le_2_overlap_screen
uiis_train_001318,exclude,conservative_phash_le_2_overlap_screen
uiis_train_001324,exclude,exact_sha256_overlap_with_suim
uiis_train_001330,exclude,conservative_phash_le_2_overlap_screen
uiis_train_001334,exclude,conservative_phash_le_2_overlap_screen
uiis_train_001335,exclude,conservative_phash_le_2_overlap_screen
uiis_train_001336,exclude,conservative_phash_le_2_overlap_screen
uiis_train_001339,exclude,conservative_phash_le_2_overlap_screen
uiis_train_001340,exclude,conservative_phash_le_2_overlap_screen
uiis_train_001342,exclude,exact_sha256_overlap_with_suim
uiis_train_001346,exclude,conservative_phash_le_2_overlap_screen
uiis_train_001349,exclude,conservative_phash_le_2_overlap_screen
uiis_train_001353,exclude,conservative_phash_le_2_overlap_screen
uiis_train_001355,exclude,conservative_phash_le_2_overlap_screen
uiis_train_001359,exclude,exact_sha256_overlap_with_suim
uiis_train_001360,exclude,conservative_phash_le_2_overlap_screen
uiis_train_001362,exclude,conservative_phash_le_2_overlap_screen
uiis_train_001364,exclude,conservative_phash_le_2_overlap_screen
uiis_train_001365,exclude,conservative_phash_le_2_overlap_screen
uiis_train_001367,exclude,conservative_phash_le_2_overlap_screen
uiis_train_001376,exclude,conservative_phash_le_2_overlap_screen
uiis_train_001377,exclude,conservative_phash_le_2_overlap_screen
uiis_train_001379,exclude,conservative_phash_le_2_overlap_screen
uiis_train_001382,exclude,conservative_phash_le_2_overlap_screen
uiis_train_001383,exclude,conservative_phash_le_2_overlap_screen
uiis_train_001387,exclude,exact_sha256_overlap_with_suim
uiis_train_001393,exclude,exact_sha256_overlap_with_suim
uiis_train_001394,exclude,conservative_phash_le_2_overlap_screen
uiis_train_001396,exclude,conservative_phash_le_2_overlap_screen
uiis_train_001400,exclude,conservative_phash_le_2_overlap_screen
uiis_train_001401,exclude,conservative_phash_le_2_overlap_screen
uiis_train_001402,exclude,conservative_phash_le_2_overlap_screen
uiis_train_001403,exclude,conservative_phash_le_2_overlap_screen
uiis_train_001405,exclude,exact_sha256_overlap_with_suim
uiis_train_001412,exclude,conservative_phash_le_2_overlap_screen
uiis_train_001420,exclude,conservative_phash_le_2_overlap_screen
uiis_train_001423,exclude,conservative_phash_le_2_overlap_screen
uiis_train_001425,exclude,exact_sha256_overlap_with_suim
uiis_train_001428,exclude,exact_sha256_overlap_with_suim
uiis_train_001430,exclude,conservative_phash_le_2_overlap_screen
uiis_train_001433,exclude,conservative_phash_le_2_overlap_screen
uiis_train_001439,exclude,conservative_phash_le_2_overlap_screen
uiis_train_001441,exclude,conservative_phash_le_2_overlap_screen
uiis_train_001442,exclude,exact_sha256_overlap_with_suim
uiis_train_001449,exclude,conservative_phash_le_2_overlap_screen
uiis_train_001452,exclude,conservative_phash_le_2_overlap_screen
uiis_train_001453,exclude,conservative_phash_le_2_overlap_screen
uiis_train_001456,exclude,conservative_phash_le_2_overlap_screen
uiis_train_001457,exclude,conservative_phash_le_2_overlap_screen
uiis_train_001459,exclude,conservative_phash_le_2_overlap_screen
uiis_train_001461,exclude,conservative_phash_le_2_overlap_screen
uiis_train_001463,exclude,conservative_phash_le_2_overlap_screen
uiis_train_001465,exclude,conservative_phash_le_2_overlap_screen
uiis_train_001467,exclude,conservative_phash_le_2_overlap_screen
uiis_train_001469,exclude,conservative_phash_le_2_overlap_screen
uiis_train_001472,exclude,exact_sha256_overlap_with_suim
uiis_train_001473,exclude,conservative_phash_le_2_overlap_screen
uiis_train_001476,exclude,conservative_phash_le_2_overlap_screen
uiis_train_001478,exclude,conservative_phash_le_2_overlap_screen
uiis_train_001479,exclude,conservative_phash_le_2_overlap_screen
uiis_train_001480,exclude,conservative_phash_le_2_overlap_screen
uiis_train_001491,exclude,conservative_phash_le_2_overlap_screen
uiis_train_001492,exclude,exact_sha256_overlap_with_suim
uiis_train_001493,exclude,conservative_phash_le_2_overlap_screen
uiis_train_001495,exclude,conservative_phash_le_2_overlap_screen
uiis_train_001499,exclude,exact_sha256_overlap_with_suim
uiis_train_001502,exclude,conservative_phash_le_2_overlap_screen
uiis_train_001506,exclude,conservative_phash_le_2_overlap_screen
uiis_train_001508,exclude,conservative_phash_le_2_overlap_screen
uiis_train_001509,exclude,exact_sha256_overlap_with_suim
uiis_train_001511,exclude,conservative_phash_le_2_overlap_screen
uiis_train_001512,exclude,conservative_phash_le_2_overlap_screen
uiis_train_001513,exclude,exact_sha256_overlap_with_suim
uiis_train_001514,exclude,conservative_phash_le_2_overlap_screen
uiis_train_001522,exclude,conservative_phash_le_2_overlap_screen
uiis_train_001527,exclude,conservative_phash_le_2_overlap_screen
uiis_train_001528,exclude,conservative_phash_le_2_overlap_screen
uiis_train_001530,exclude,conservative_phash_le_2_overlap_screen
uiis_train_001531,exclude,conservative_phash_le_2_overlap_screen
uiis_train_001536,exclude,exact_sha256_overlap_with_suim
uiis_train_001540,exclude,exact_sha256_overlap_with_suim
uiis_train_001547,exclude,conservative_phash_le_2_overlap_screen
uiis_train_001550,exclude,conservative_phash_le_2_overlap_screen
uiis_train_001551,exclude,conservative_phash_le_2_overlap_screen
uiis_train_001553,exclude,conservative_phash_le_2_overlap_screen
uiis_train_001558,exclude,conservative_phash_le_2_overlap_screen
uiis_train_001560,exclude,conservative_phash_le_2_overlap_screen
uiis_train_001561,exclude,conservative_phash_le_2_overlap_screen
uiis_train_001563,exclude,exact_sha256_overlap_with_suim
uiis_train_001567,exclude,conservative_phash_le_2_overlap_screen
uiis_train_001571,exclude,conservative_phash_le_2_overlap_screen
uiis_train_001572,exclude,exact_sha256_overlap_with_suim
uiis_train_001573,exclude,conservative_phash_le_2_overlap_screen
uiis_train_001576,exclude,conservative_phash_le_2_overlap_screen
uiis_train_001579,exclude,conservative_phash_le_2_overlap_screen
uiis_train_001580,exclude,conservative_phash_le_2_overlap_screen
uiis_train_001581,exclude,exact_sha256_overlap_with_suim
uiis_train_001582,exclude,conservative_phash_le_2_overlap_screen
uiis_train_001586,exclude,conservative_phash_le_2_overlap_screen
uiis_train_001587,exclude,conservative_phash_le_2_overlap_screen
uiis_train_001593,exclude,conservative_phash_le_2_overlap_screen
uiis_train_001594,exclude,conservative_phash_le_2_overlap_screen
uiis_train_001595,exclude,exact_sha256_overlap_with_suim
uiis_train_001597,exclude,conservative_phash_le_2_overlap_screen
uiis_train_001605,exclude,conservative_phash_le_2_overlap_screen
uiis_train_001606,exclude,conservative_phash_le_2_overlap_screen
uiis_train_001607,exclude,conservative_phash_le_2_overlap_screen
uiis_train_001609,exclude,conservative_phash_le_2_overlap_screen
uiis_train_001612,exclude,conservative_phash_le_2_overlap_screen
uiis_train_001613,exclude,conservative_phash_le_2_overlap_screen
uiis_train_001616,exclude,conservative_phash_le_2_overlap_screen
uiis_train_001625,exclude,conservative_phash_le_2_overlap_screen
uiis_train_001626,exclude,conservative_phash_le_2_overlap_screen
uiis_train_001627,exclude,conservative_phash_le_2_overlap_screen
uiis_train_001638,exclude,conservative_phash_le_2_overlap_screen
uiis_train_001650,exclude,conservative_phash_le_2_overlap_screen
uiis_train_001655,exclude,exact_sha256_overlap_with_suim
uiis_train_001661,exclude,conservative_phash_le_2_overlap_screen
uiis_train_001664,exclude,conservative_phash_le_2_overlap_screen
uiis_train_001666,exclude,conservative_phash_le_2_overlap_screen
uiis_train_001677,exclude,conservative_phash_le_2_overlap_screen
uiis_train_001681,exclude,exact_sha256_overlap_with_suim
uiis_train_001682,exclude,conservative_phash_le_2_overlap_screen
uiis_train_001685,exclude,conservative_phash_le_2_overlap_screen
uiis_train_001686,exclude,conservative_phash_le_2_overlap_screen
uiis_train_001687,exclude,conservative_phash_le_2_overlap_screen
uiis_train_001692,exclude,conservative_phash_le_2_overlap_screen
uiis_train_001695,exclude,conservative_phash_le_2_overlap_screen
uiis_train_001697,exclude,exact_sha256_overlap_with_suim
uiis_train_001701,exclude,conservative_phash_le_2_overlap_screen
uiis_train_001702,exclude,conservative_phash_le_2_overlap_screen
uiis_train_001706,exclude,conservative_phash_le_2_overlap_screen
uiis_train_001708,exclude,conservative_phash_le_2_overlap_screen
uiis_train_001709,exclude,conservative_phash_le_2_overlap_screen
uiis_train_001711,exclude,conservative_phash_le_2_overlap_screen
uiis_train_001714,exclude,conservative_phash_le_2_overlap_screen
uiis_train_001717,exclude,conservative_phash_le_2_overlap_screen
uiis_train_001719,exclude,conservative_phash_le_2_overlap_screen
uiis_train_001720,exclude,conservative_phash_le_2_overlap_screen
uiis_train_001723,exclude,conservative_phash_le_2_overlap_screen
uiis_train_001724,exclude,conservative_phash_le_2_overlap_screen
uiis_train_001726,exclude,conservative_phash_le_2_overlap_screen
uiis_train_001727,exclude,conservative_phash_le_2_overlap_screen
uiis_train_001730,exclude,exact_sha256_overlap_with_suim
uiis_train_001732,exclude,conservative_phash_le_2_overlap_screen
uiis_train_001734,exclude,exact_sha256_overlap_with_suim
uiis_train_001736,exclude,conservative_phash_le_2_overlap_screen
uiis_train_001737,exclude,conservative_phash_le_2_overlap_screen
uiis_train_001739,exclude,conservative_phash_le_2_overlap_screen
uiis_train_001740,exclude,conservative_phash_le_2_overlap_screen
uiis_train_001754,exclude,conservative_phash_le_2_overlap_screen
uiis_train_001755,exclude,exact_sha256_overlap_with_suim
uiis_train_001756,exclude,conservative_phash_le_2_overlap_screen
uiis_train_001758,exclude,conservative_phash_le_2_overlap_screen
uiis_train_001759,exclude,exact_sha256_overlap_with_suim
uiis_train_001761,exclude,exact_sha256_overlap_with_suim
uiis_train_001762,exclude,conservative_phash_le_2_overlap_screen
uiis_train_001763,exclude,conservative_phash_le_2_overlap_screen
uiis_train_001764,exclude,conservative_phash_le_2_overlap_screen
uiis_train_001765,exclude,conservative_phash_le_2_overlap_screen
uiis_train_001767,exclude,conservative_phash_le_2_overlap_screen
uiis_train_001769,exclude,conservative_phash_le_2_overlap_screen
uiis_train_001774,exclude,conservative_phash_le_2_overlap_screen
uiis_train_001775,exclude,conservative_phash_le_2_overlap_screen
uiis_train_001776,exclude,conservative_phash_le_2_overlap_screen
uiis_train_001777,exclude,conservative_phash_le_2_overlap_screen
uiis_train_001779,exclude,exact_sha256_overlap_with_suim
uiis_train_001782,exclude,conservative_phash_le_2_overlap_screen
uiis_train_001783,exclude,conservative_phash_le_2_overlap_screen
uiis_train_001784,exclude,conservative_phash_le_2_overlap_screen
uiis_train_001788,exclude,conservative_phash_le_2_overlap_screen
uiis_train_001792,exclude,conservative_phash_le_2_overlap_screen
uiis_train_001793,exclude,conservative_phash_le_2_overlap_screen
uiis_train_001795,exclude,conservative_phash_le_2_overlap_screen
uiis_train_001797,exclude,conservative_phash_le_2_overlap_screen
uiis_train_001806,exclude,conservative_phash_le_2_overlap_screen
uiis_train_001812,exclude,conservative_phash_le_2_overlap_screen
uiis_train_001814,exclude,conservative_phash_le_2_overlap_screen
uiis_train_001815,exclude,conservative_phash_le_2_overlap_screen
uiis_train_001826,exclude,conservative_phash_le_2_overlap_screen
uiis_train_001827,exclude,conservative_phash_le_2_overlap_screen
uiis_train_001828,exclude,conservative_phash_le_2_overlap_screen
uiis_train_001829,exclude,conservative_phash_le_2_overlap_screen
uiis_train_001830,exclude,conservative_phash_le_2_overlap_screen
uiis_train_001831,exclude,conservative_phash_le_2_overlap_screen
uiis_train_001832,exclude,conservative_phash_le_2_overlap_screen
uiis_train_001833,exclude,conservative_phash_le_2_overlap_screen
uiis_train_001842,exclude,conservative_phash_le_2_overlap_screen
uiis_train_001844,exclude,conservative_phash_le_2_overlap_screen
uiis_train_001845,exclude,conservative_phash_le_2_overlap_screen
uiis_train_001848,exclude,exact_sha256_overlap_with_suim
uiis_train_001849,exclude,conservative_phash_le_2_overlap_screen
uiis_train_001851,exclude,exact_sha256_overlap_with_suim
uiis_train_001852,exclude,exact_sha256_overlap_with_suim
uiis_train_001853,exclude,conservative_phash_le_2_overlap_screen
uiis_train_001854,exclude,conservative_phash_le_2_overlap_screen
uiis_train_001857,exclude,conservative_phash_le_2_overlap_screen
uiis_train_001859,exclude,conservative_phash_le_2_overlap_screen
uiis_train_001863,exclude,conservative_phash_le_2_overlap_screen
uiis_train_001866,exclude,exact_sha256_overlap_with_suim
uiis_train_001867,exclude,conservative_phash_le_2_overlap_screen
uiis_train_001870,exclude,conservative_phash_le_2_overlap_screen
uiis_train_001872,exclude,conservative_phash_le_2_overlap_screen
uiis_train_001876,exclude,conservative_phash_le_2_overlap_screen
uiis_train_001879,exclude,exact_sha256_overlap_with_suim
uiis_train_001880,exclude,conservative_phash_le_2_overlap_screen
uiis_train_001886,exclude,conservative_phash_le_2_overlap_screen
uiis_train_001887,exclude,exact_sha256_overlap_with_suim
uiis_train_001890,exclude,conservative_phash_le_2_overlap_screen
uiis_train_001896,exclude,exact_sha256_overlap_with_suim
uiis_train_001898,exclude,exact_sha256_overlap_with_suim
uiis_train_001904,exclude,conservative_phash_le_2_overlap_screen
uiis_train_001906,exclude,conservative_phash_le_2_overlap_screen
uiis_train_001919,exclude,conservative_phash_le_2_overlap_screen
uiis_train_001920,exclude,conservative_phash_le_2_overlap_screen
uiis_train_001921,exclude,exact_sha256_overlap_with_suim
uiis_train_001922,exclude,conservative_phash_le_2_overlap_screen
uiis_train_001928,exclude,conservative_phash_le_2_overlap_screen
uiis_train_001929,exclude,conservative_phash_le_2_overlap_screen
uiis_train_001937,exclude,conservative_phash_le_2_overlap_screen
uiis_train_001938,exclude,conservative_phash_le_2_overlap_screen
uiis_train_001939,exclude,conservative_phash_le_2_overlap_screen
uiis_train_001940,exclude,conservative_phash_le_2_overlap_screen
uiis_train_001942,exclude,conservative_phash_le_2_overlap_screen
uiis_train_001950,exclude,conservative_phash_le_2_overlap_screen
uiis_train_001953,exclude,conservative_phash_le_2_overlap_screen
uiis_train_001954,exclude,conservative_phash_le_2_overlap_screen
uiis_train_001955,exclude,conservative_phash_le_2_overlap_screen
uiis_train_001956,exclude,conservative_phash_le_2_overlap_screen
uiis_train_001957,exclude,conservative_phash_le_2_overlap_screen
uiis_train_001959,exclude,conservative_phash_le_2_overlap_screen
uiis_train_001961,exclude,conservative_phash_le_2_overlap_screen
uiis_train_001963,exclude,conservative_phash_le_2_overlap_screen
uiis_train_001964,exclude,conservative_phash_le_2_overlap_screen
uiis_train_001965,exclude,exact_sha256_overlap_with_suim
uiis_train_001966,exclude,conservative_phash_le_2_overlap_screen
uiis_train_001971,exclude,exact_sha256_overlap_with_suim
uiis_train_001972,exclude,conservative_phash_le_2_overlap_screen
uiis_train_001974,exclude,conservative_phash_le_2_overlap_screen
uiis_train_001975,exclude,conservative_phash_le_2_overlap_screen
uiis_train_001977,exclude,conservative_phash_le_2_overlap_screen
uiis_train_001979,exclude,exact_sha256_overlap_with_suim
uiis_train_001982,exclude,conservative_phash_le_2_overlap_screen
uiis_train_001983,exclude,conservative_phash_le_2_overlap_screen
uiis_train_001984,exclude,conservative_phash_le_2_overlap_screen
uiis_train_001988,exclude,conservative_phash_le_2_overlap_screen
uiis_train_001989,exclude,conservative_phash_le_2_overlap_screen
uiis_train_001990,exclude,conservative_phash_le_2_overlap_screen
uiis_train_001991,exclude,conservative_phash_le_2_overlap_screen
uiis_train_001992,exclude,conservative_phash_le_2_overlap_screen
uiis_train_001999,exclude,conservative_phash_le_2_overlap_screen
uiis_train_002006,exclude,conservative_phash_le_2_overlap_screen
uiis_train_002012,exclude,conservative_phash_le_2_overlap_screen
uiis_train_002013,exclude,conservative_phash_le_2_overlap_screen
uiis_train_002014,exclude,exact_sha256_overlap_with_suim
uiis_train_002020,exclude,exact_sha256_overlap_with_suim
uiis_train_002021,exclude,conservative_phash_le_2_overlap_screen
uiis_train_002022,exclude,conservative_phash_le_2_overlap_screen
uiis_train_002025,exclude,exact_sha256_overlap_with_suim
uiis_train_002026,exclude,exact_sha256_overlap_with_suim
uiis_train_002031,exclude,conservative_phash_le_2_overlap_screen
uiis_train_002033,exclude,conservative_phash_le_2_overlap_screen
uiis_train_002034,exclude,exact_sha256_overlap_with_suim
uiis_train_002036,exclude,conservative_phash_le_2_overlap_screen
uiis_train_002039,exclude,conservative_phash_le_2_overlap_screen
uiis_train_002042,exclude,conservative_phash_le_2_overlap_screen
uiis_train_002043,exclude,exact_sha256_overlap_with_suim
uiis_train_002047,exclude,conservative_phash_le_2_overlap_screen
uiis_train_002052,exclude,conservative_phash_le_2_overlap_screen
uiis_train_002056,exclude,conservative_phash_le_2_overlap_screen
uiis_train_002059,exclude,conservative_phash_le_2_overlap_screen
uiis_train_002061,exclude,conservative_phash_le_2_overlap_screen
uiis_train_002065,exclude,exact_sha256_overlap_with_suim
uiis_train_002074,exclude,conservative_phash_le_2_overlap_screen
uiis_train_002077,exclude,conservative_phash_le_2_overlap_screen
uiis_train_002094,exclude,conservative_phash_le_2_overlap_screen
uiis_train_002097,exclude,conservative_phash_le_2_overlap_screen
uiis_train_002102,exclude,conservative_phash_le_2_overlap_screen
uiis_train_002103,exclude,conservative_phash_le_2_overlap_screen
uiis_train_002104,exclude,conservative_phash_le_2_overlap_screen
uiis_train_002106,exclude,conservative_phash_le_2_overlap_screen
uiis_train_002108,exclude,conservative_phash_le_2_overlap_screen
uiis_train_002109,exclude,conservative_phash_le_2_overlap_screen
uiis_train_002112,exclude,conservative_phash_le_2_overlap_screen
uiis_train_002119,exclude,conservative_phash_le_2_overlap_screen
uiis_train_002122,exclude,conservative_phash_le_2_overlap_screen
uiis_train_002125,exclude,conservative_phash_le_2_overlap_screen
uiis_train_002127,exclude,conservative_phash_le_2_overlap_screen
uiis_train_002133,exclude,conservative_phash_le_2_overlap_screen
uiis_train_002136,exclude,conservative_phash_le_2_overlap_screen
uiis_train_002137,exclude,conservative_phash_le_2_overlap_screen
uiis_train_002138,exclude,conservative_phash_le_2_overlap_screen
uiis_train_002142,exclude,conservative_phash_le_2_overlap_screen
uiis_train_002150,exclude,conservative_phash_le_2_overlap_screen
uiis_train_002152,exclude,exact_sha256_overlap_with_suim
uiis_train_002156,exclude,exact_sha256_overlap_with_suim
uiis_train_002160,exclude,conservative_phash_le_2_overlap_screen
uiis_train_002161,exclude,exact_sha256_overlap_with_suim
uiis_train_002163,exclude,conservative_phash_le_2_overlap_screen
uiis_train_002167,exclude,conservative_phash_le_2_overlap_screen
uiis_train_002170,exclude,exact_sha256_overlap_with_suim
uiis_train_002173,exclude,conservative_phash_le_2_overlap_screen
uiis_train_002176,exclude,conservative_phash_le_2_overlap_screen
uiis_train_002177,exclude,conservative_phash_le_2_overlap_screen
uiis_train_002179,exclude,conservative_phash_le_2_overlap_screen
uiis_train_002181,exclude,conservative_phash_le_2_overlap_screen
uiis_train_002183,exclude,conservative_phash_le_2_overlap_screen
uiis_train_002187,exclude,conservative_phash_le_2_overlap_screen
uiis_train_002195,exclude,conservative_phash_le_2_overlap_screen
uiis_train_002196,exclude,conservative_phash_le_2_overlap_screen
uiis_train_002197,exclude,conservative_phash_le_2_overlap_screen
uiis_train_002199,exclude,conservative_phash_le_2_overlap_screen
uiis_train_002203,exclude,conservative_phash_le_2_overlap_screen
uiis_train_002205,exclude,conservative_phash_le_2_overlap_screen
uiis_train_002212,exclude,conservative_phash_le_2_overlap_screen
uiis_train_002215,exclude,conservative_phash_le_2_overlap_screen
uiis_train_002219,exclude,conservative_phash_le_2_overlap_screen
uiis_train_002229,exclude,conservative_phash_le_2_overlap_screen
uiis_train_002231,exclude,conservative_phash_le_2_overlap_screen
uiis_train_002237,exclude,conservative_phash_le_2_overlap_screen
uiis_train_002240,exclude,conservative_phash_le_2_overlap_screen
uiis_train_002241,exclude,conservative_phash_le_2_overlap_screen
uiis_train_002243,exclude,conservative_phash_le_2_overlap_screen
uiis_train_002244,exclude,conservative_phash_le_2_overlap_screen
uiis_train_002251,exclude,conservative_phash_le_2_overlap_screen
uiis_train_002258,exclude,conservative_phash_le_2_overlap_screen
uiis_train_002264,exclude,conservative_phash_le_2_overlap_screen
uiis_train_002270,exclude,conservative_phash_le_2_overlap_screen
uiis_train_002271,exclude,conservative_phash_le_2_overlap_screen
uiis_train_002279,exclude,conservative_phash_le_2_overlap_screen
uiis_train_002286,exclude,conservative_phash_le_2_overlap_screen
uiis_train_002287,exclude,conservative_phash_le_2_overlap_screen
uiis_train_002292,exclude,conservative_phash_le_2_overlap_screen
uiis_train_002293,exclude,conservative_phash_le_2_overlap_screen
uiis_train_002294,exclude,conservative_phash_le_2_overlap_screen
uiis_train_002297,exclude,conservative_phash_le_2_overlap_screen
uiis_train_002300,exclude,conservative_phash_le_2_overlap_screen
uiis_train_002304,exclude,conservative_phash_le_2_overlap_screen
uiis_train_002307,exclude,exact_sha256_overlap_with_suim
uiis_train_002308,exclude,exact_sha256_overlap_with_suim
uiis_train_002309,exclude,conservative_phash_le_2_overlap_screen
uiis_train_002312,exclude,conservative_phash_le_2_overlap_screen
uiis_train_002316,exclude,conservative_phash_le_2_overlap_screen
uiis_train_002323,exclude,conservative_phash_le_2_overlap_screen
uiis_train_002330,exclude,conservative_phash_le_2_overlap_screen
uiis_train_002334,exclude,exact_sha256_overlap_with_suim
uiis_train_002339,exclude,conservative_phash_le_2_overlap_screen
uiis_train_002343,exclude,exact_sha256_overlap_with_suim
uiis_train_002346,exclude,conservative_phash_le_2_overlap_screen
uiis_train_002347,exclude,conservative_phash_le_2_overlap_screen
uiis_train_002351,exclude,conservative_phash_le_2_overlap_screen
uiis_train_002352,exclude,conservative_phash_le_2_overlap_screen
uiis_train_002358,exclude,conservative_phash_le_2_overlap_screen
uiis_train_002361,exclude,conservative_phash_le_2_overlap_screen
uiis_train_002363,exclude,conservative_phash_le_2_overlap_screen
uiis_train_002364,exclude,conservative_phash_le_2_overlap_screen
uiis_train_002365,exclude,conservative_phash_le_2_overlap_screen
uiis_train_002367,exclude,conservative_phash_le_2_overlap_screen
uiis_train_002379,exclude,conservative_phash_le_2_overlap_screen
uiis_train_002381,exclude,conservative_phash_le_2_overlap_screen
uiis_train_002384,exclude,conservative_phash_le_2_overlap_screen
uiis_train_002385,exclude,conservative_phash_le_2_overlap_screen
uiis_train_002394,exclude,exact_sha256_overlap_with_suim
uiis_train_002396,exclude,conservative_phash_le_2_overlap_screen
uiis_train_002399,exclude,exact_sha256_overlap_with_suim
uiis_train_002402,exclude,conservative_phash_le_2_overlap_screen
uiis_train_002407,exclude,conservative_phash_le_2_overlap_screen
uiis_train_002408,exclude,conservative_phash_le_2_overlap_screen
uiis_train_002409,exclude,exact_sha256_overlap_with_suim
uiis_train_002410,exclude,exact_sha256_overlap_with_suim
uiis_train_002412,exclude,exact_sha256_overlap_with_suim
uiis_train_002413,exclude,conservative_phash_le_2_overlap_screen
uiis_train_002415,exclude,conservative_phash_le_2_overlap_screen
uiis_train_002419,exclude,conservative_phash_le_2_overlap_screen
uiis_train_002427,exclude,exact_sha256_overlap_with_suim
uiis_train_002429,exclude,conservative_phash_le_2_overlap_screen
uiis_train_002431,exclude,conservative_phash_le_2_overlap_screen
uiis_train_002433,exclude,conservative_phash_le_2_overlap_screen
uiis_train_002435,exclude,conservative_phash_le_2_overlap_screen
uiis_train_002438,exclude,conservative_phash_le_2_overlap_screen
uiis_train_002443,exclude,conservative_phash_le_2_overlap_screen
uiis_train_002445,exclude,exact_sha256_overlap_with_suim
uiis_train_002450,exclude,conservative_phash_le_2_overlap_screen
uiis_train_002455,exclude,conservative_phash_le_2_overlap_screen
uiis_train_002458,exclude,conservative_phash_le_2_overlap_screen
uiis_train_002459,exclude,conservative_phash_le_2_overlap_screen
uiis_train_002461,exclude,exact_sha256_overlap_with_suim
uiis_train_002462,exclude,conservative_phash_le_2_overlap_screen
uiis_train_002464,exclude,conservative_phash_le_2_overlap_screen
uiis_train_002466,exclude,conservative_phash_le_2_overlap_screen
uiis_train_002468,exclude,conservative_phash_le_2_overlap_screen
uiis_train_002469,exclude,exact_sha256_overlap_with_suim
uiis_train_002473,exclude,conservative_phash_le_2_overlap_screen
uiis_train_002476,exclude,conservative_phash_le_2_overlap_screen
uiis_train_002480,exclude,exact_sha256_overlap_with_suim
uiis_train_002484,exclude,conservative_phash_le_2_overlap_screen
uiis_train_002499,exclude,conservative_phash_le_2_overlap_screen
uiis_train_002507,exclude,exact_sha256_overlap_with_suim
uiis_train_002509,exclude,exact_sha256_overlap_with_suim
uiis_train_002510,exclude,conservative_phash_le_2_overlap_screen
uiis_train_002512,exclude,exact_sha256_overlap_with_suim
uiis_train_002513,exclude,conservative_phash_le_2_overlap_screen
uiis_train_002518,exclude,conservative_phash_le_2_overlap_screen
uiis_train_002522,exclude,conservative_phash_le_2_overlap_screen
uiis_train_002531,exclude,conservative_phash_le_2_overlap_screen
uiis_train_002532,exclude,exact_sha256_overlap_with_suim
uiis_train_002533,exclude,conservative_phash_le_2_overlap_screen
uiis_train_002535,exclude,conservative_phash_le_2_overlap_screen
uiis_train_002542,exclude,conservative_phash_le_2_overlap_screen
uiis_train_002543,exclude,conservative_phash_le_2_overlap_screen
uiis_train_002545,exclude,conservative_phash_le_2_overlap_screen
uiis_train_002547,exclude,conservative_phash_le_2_overlap_screen
uiis_train_002549,exclude,conservative_phash_le_2_overlap_screen
uiis_train_002551,exclude,conservative_phash_le_2_overlap_screen
uiis_train_002552,exclude,exact_sha256_overlap_with_suim
uiis_train_002553,exclude,conservative_phash_le_2_overlap_screen
uiis_train_002555,exclude,exact_sha256_overlap_with_suim
uiis_train_002556,exclude,conservative_phash_le_2_overlap_screen
uiis_train_002558,exclude,exact_sha256_overlap_with_suim
uiis_train_002559,exclude,conservative_phash_le_2_overlap_screen
uiis_train_002560,exclude,conservative_phash_le_2_overlap_screen
uiis_train_002567,exclude,exact_sha256_overlap_with_suim
uiis_train_002568,exclude,conservative_phash_le_2_overlap_screen
uiis_train_002572,exclude,conservative_phash_le_2_overlap_screen
uiis_train_002573,exclude,conservative_phash_le_2_overlap_screen
uiis_train_002580,exclude,conservative_phash_le_2_overlap_screen
uiis_train_002581,exclude,conservative_phash_le_2_overlap_screen
uiis_train_002585,exclude,conservative_phash_le_2_overlap_screen
uiis_train_002586,exclude,exact_sha256_overlap_with_suim
uiis_train_002587,exclude,exact_sha256_overlap_with_suim
uiis_train_002588,exclude,conservative_phash_le_2_overlap_screen
uiis_train_002591,exclude,conservative_phash_le_2_overlap_screen
uiis_train_002593,exclude,conservative_phash_le_2_overlap_screen
uiis_train_002594,exclude,conservative_phash_le_2_overlap_screen
uiis_train_002598,exclude,exact_sha256_overlap_with_suim
uiis_train_002605,exclude,exact_sha256_overlap_with_suim
uiis_train_002606,exclude,conservative_phash_le_2_overlap_screen
uiis_train_002616,exclude,conservative_phash_le_2_overlap_screen
uiis_train_002623,exclude,conservative_phash_le_2_overlap_screen
uiis_train_002627,exclude,conservative_phash_le_2_overlap_screen
uiis_train_002628,exclude,conservative_phash_le_2_overlap_screen
uiis_train_002631,exclude,exact_sha256_overlap_with_suim
uiis_train_002637,exclude,exact_sha256_overlap_with_suim
uiis_train_002638,exclude,conservative_phash_le_2_overlap_screen
uiis_train_002640,exclude,conservative_phash_le_2_overlap_screen
uiis_train_002641,exclude,exact_sha256_overlap_with_suim
uiis_train_002645,exclude,exact_sha256_overlap_with_suim
uiis_train_002646,exclude,exact_sha256_overlap_with_suim
uiis_train_002647,exclude,exact_sha256_overlap_with_suim
uiis_train_002648,exclude,exact_sha256_overlap_with_suim
uiis_train_002649,exclude,exact_sha256_overlap_with_suim
uiis_train_002650,exclude,exact_sha256_overlap_with_suim
uiis_train_002651,exclude,conservative_phash_le_2_overlap_screen
uiis_train_002652,exclude,exact_sha256_overlap_with_suim
uiis_train_002653,exclude,exact_sha256_overlap_with_suim
uiis_train_002654,exclude,exact_sha256_overlap_with_suim
uiis_train_002655,exclude,exact_sha256_overlap_with_suim
uiis_train_002656,exclude,exact_sha256_overlap_with_suim
uiis_train_002657,exclude,exact_sha256_overlap_with_suim
uiis_train_002658,exclude,exact_sha256_overlap_with_suim
uiis_train_002659,exclude,exact_sha256_overlap_with_suim
uiis_train_002660,exclude,conservative_phash_le_2_overlap_screen
uiis_train_002661,exclude,exact_sha256_overlap_with_suim
uiis_train_002662,exclude,exact_sha256_overlap_with_suim
uiis_train_002663,exclude,exact_sha256_overlap_with_suim
uiis_train_002664,exclude,exact_sha256_overlap_with_suim
uiis_train_002665,exclude,exact_sha256_overlap_with_suim
uiis_train_002666,exclude,exact_sha256_overlap_with_suim
uiis_train_002668,exclude,exact_sha256_overlap_with_suim
uiis_train_002669,exclude,exact_sha256_overlap_with_suim
uiis_train_002670,exclude,exact_sha256_overlap_with_suim
uiis_train_002671,exclude,exact_sha256_overlap_with_suim
uiis_train_002672,exclude,exact_sha256_overlap_with_suim
uiis_train_002673,exclude,exact_sha256_overlap_with_suim
uiis_train_002674,exclude,exact_sha256_overlap_with_suim
uiis_train_002675,exclude,exact_sha256_overlap_with_suim
uiis_train_002676,exclude,exact_sha256_overlap_with_suim
uiis_train_002677,exclude,exact_sha256_overlap_with_suim
uiis_train_002678,exclude,exact_sha256_overlap_with_suim
uiis_train_002679,exclude,exact_sha256_overlap_with_suim
uiis_train_002681,exclude,exact_sha256_overlap_with_suim
uiis_train_002682,exclude,exact_sha256_overlap_with_suim
uiis_train_002683,exclude,exact_sha256_overlap_with_suim
uiis_train_002684,exclude,exact_sha256_overlap_with_suim
uiis_train_002686,exclude,exact_sha256_overlap_with_suim
uiis_train_002687,exclude,exact_sha256_overlap_with_suim
uiis_train_002688,exclude,exact_sha256_overlap_with_suim
uiis_train_002689,exclude,exact_sha256_overlap_with_suim
uiis_train_002690,exclude,exact_sha256_overlap_with_suim
uiis_train_002691,exclude,exact_sha256_overlap_with_suim
uiis_train_002692,exclude,exact_sha256_overlap_with_suim
uiis_train_002693,exclude,exact_sha256_overlap_with_suim
uiis_train_002694,exclude,exact_sha256_overlap_with_suim
uiis_train_002696,exclude,exact_sha256_overlap_with_suim
uiis_train_002697,exclude,exact_sha256_overlap_with_suim
uiis_train_002698,exclude,exact_sha256_overlap_with_suim
uiis_train_002699,exclude,exact_sha256_overlap_with_suim
uiis_train_002700,exclude,exact_sha256_overlap_with_suim
uiis_train_002701,exclude,exact_sha256_overlap_with_suim
uiis_train_002702,exclude,exact_sha256_overlap_with_suim
uiis_train_002703,exclude,conservative_phash_le_2_overlap_screen
uiis_train_002704,exclude,exact_sha256_overlap_with_suim
uiis_train_002705,exclude,exact_sha256_overlap_with_suim
uiis_train_002706,exclude,exact_sha256_overlap_with_suim
uiis_train_002707,exclude,exact_sha256_overlap_with_suim
uiis_train_002708,exclude,exact_sha256_overlap_with_suim
uiis_train_002709,exclude,exact_sha256_overlap_with_suim
uiis_train_002710,exclude,exact_sha256_overlap_with_suim
uiis_train_002711,exclude,exact_sha256_overlap_with_suim
uiis_train_002712,exclude,exact_sha256_overlap_with_suim
uiis_train_002713,exclude,exact_sha256_overlap_with_suim
uiis_train_002714,exclude,exact_sha256_overlap_with_suim
uiis_train_002715,exclude,exact_sha256_overlap_with_suim
uiis_train_002716,exclude,exact_sha256_overlap_with_suim
uiis_train_002717,exclude,exact_sha256_overlap_with_suim
uiis_train_002718,exclude,exact_sha256_overlap_with_suim
uiis_train_002719,exclude,exact_sha256_overlap_with_suim
uiis_train_002720,exclude,exact_sha256_overlap_with_suim
uiis_train_002721,exclude,exact_sha256_overlap_with_suim
uiis_train_002723,exclude,exact_sha256_overlap_with_suim
uiis_train_002724,exclude,exact_sha256_overlap_with_suim
uiis_train_002725,exclude,exact_sha256_overlap_with_suim
uiis_train_002726,exclude,exact_sha256_overlap_with_suim
uiis_train_002727,exclude,exact_sha256_overlap_with_suim
uiis_train_002729,exclude,exact_sha256_overlap_with_suim
uiis_train_002730,exclude,exact_sha256_overlap_with_suim
uiis_train_002731,exclude,exact_sha256_overlap_with_suim
uiis_train_002732,exclude,exact_sha256_overlap_with_suim
uiis_train_002733,exclude,exact_sha256_overlap_with_suim
uiis_train_002734,exclude,exact_sha256_overlap_with_suim
uiis_train_002735,exclude,exact_sha256_overlap_with_suim
uiis_train_002736,exclude,exact_sha256_overlap_with_suim
uiis_train_002737,exclude,exact_sha256_overlap_with_suim
uiis_train_002738,exclude,exact_sha256_overlap_with_suim
uiis_train_002739,exclude,exact_sha256_overlap_with_suim
uiis_train_002740,exclude,exact_sha256_overlap_with_suim
uiis_train_002741,exclude,conservative_phash_le_2_overlap_screen
uiis_train_002743,exclude,exact_sha256_overlap_with_suim
uiis_train_002744,exclude,exact_sha256_overlap_with_suim
uiis_train_002745,exclude,conservative_phash_le_2_overlap_screen
uiis_train_002746,exclude,exact_sha256_overlap_with_suim
uiis_train_002747,exclude,exact_sha256_overlap_with_suim
uiis_train_002748,exclude,exact_sha256_overlap_with_suim
uiis_train_002749,exclude,exact_sha256_overlap_with_suim
uiis_train_002750,exclude,exact_sha256_overlap_with_suim
uiis_train_002751,exclude,exact_sha256_overlap_with_suim
uiis_train_002752,exclude,exact_sha256_overlap_with_suim
uiis_train_002753,exclude,exact_sha256_overlap_with_suim
uiis_train_002754,exclude,exact_sha256_overlap_with_suim
uiis_train_002755,exclude,exact_sha256_overlap_with_suim
uiis_train_002756,exclude,exact_sha256_overlap_with_suim
uiis_train_002757,exclude,exact_sha256_overlap_with_suim
uiis_train_002759,exclude,exact_sha256_overlap_with_suim
uiis_train_002760,exclude,exact_sha256_overlap_with_suim
uiis_train_002761,exclude,exact_sha256_overlap_with_suim
uiis_train_002762,exclude,exact_sha256_overlap_with_suim
uiis_train_002763,exclude,exact_sha256_overlap_with_suim
uiis_train_002764,exclude,exact_sha256_overlap_with_suim
uiis_train_002765,exclude,exact_sha256_overlap_with_suim
uiis_train_002767,exclude,exact_sha256_overlap_with_suim
uiis_train_002768,exclude,exact_sha256_overlap_with_suim
uiis_train_002769,exclude,exact_sha256_overlap_with_suim
uiis_train_002770,exclude,exact_sha256_overlap_with_suim
uiis_train_002771,exclude,exact_sha256_overlap_with_suim
uiis_train_002772,exclude,exact_sha256_overlap_with_suim
uiis_train_002773,exclude,conservative_phash_le_2_overlap_screen
uiis_train_002774,exclude,exact_sha256_overlap_with_suim
uiis_train_002775,exclude,exact_sha256_overlap_with_suim
uiis_train_002776,exclude,exact_sha256_overlap_with_suim
uiis_train_002777,exclude,exact_sha256_overlap_with_suim
uiis_train_002778,exclude,exact_sha256_overlap_with_suim
uiis_train_002779,exclude,exact_sha256_overlap_with_suim
uiis_train_002781,exclude,exact_sha256_overlap_with_suim
uiis_train_002782,exclude,exact_sha256_overlap_with_suim
uiis_train_002783,exclude,exact_sha256_overlap_with_suim
uiis_train_002784,exclude,exact_sha256_overlap_with_suim
uiis_train_002785,exclude,exact_sha256_overlap_with_suim
uiis_train_002786,exclude,exact_sha256_overlap_with_suim
uiis_train_002787,exclude,exact_sha256_overlap_with_suim
uiis_train_002788,exclude,exact_sha256_overlap_with_suim
uiis_train_002789,exclude,exact_sha256_overlap_with_suim
uiis_train_002790,exclude,exact_sha256_overlap_with_suim
uiis_train_002791,exclude,exact_sha256_overlap_with_suim
uiis_train_002792,exclude,exact_sha256_overlap_with_suim
uiis_train_002793,exclude,exact_sha256_overlap_with_suim
uiis_train_002794,exclude,exact_sha256_overlap_with_suim
uiis_train_002795,exclude,exact_sha256_overlap_with_suim
uiis_train_002796,exclude,exact_sha256_overlap_with_suim
uiis_train_002797,exclude,exact_sha256_overlap_with_suim
uiis_train_002798,exclude,exact_sha256_overlap_with_suim
uiis_train_002799,exclude,exact_sha256_overlap_with_suim
uiis_train_002800,exclude,exact_sha256_overlap_with_suim
uiis_train_002801,exclude,exact_sha256_overlap_with_suim
uiis_train_002802,exclude,exact_sha256_overlap_with_suim
uiis_train_002803,exclude,exact_sha256_overlap_with_suim
uiis_train_002804,exclude,exact_sha256_overlap_with_suim
uiis_train_002807,exclude,conservative_phash_le_2_overlap_screen
uiis_train_002811,exclude,conservative_phash_le_2_overlap_screen
uiis_train_002812,exclude,conservative_phash_le_2_overlap_screen
uiis_train_002813,exclude,conservative_phash_le_2_overlap_screen
uiis_train_002815,exclude,conservative_phash_le_2_overlap_screen
uiis_train_002826,exclude,conservative_phash_le_2_overlap_screen
uiis_train_002829,exclude,conservative_phash_le_2_overlap_screen
uiis_train_002833,exclude,conservative_phash_le_2_overlap_screen
uiis_train_002835,exclude,conservative_phash_le_2_overlap_screen
uiis_train_002840,exclude,conservative_phash_le_2_overlap_screen
uiis_train_002845,exclude,conservative_phash_le_2_overlap_screen
uiis_train_002846,exclude,conservative_phash_le_2_overlap_screen
uiis_train_002847,exclude,conservative_phash_le_2_overlap_screen
uiis_train_002848,exclude,conservative_phash_le_2_overlap_screen
uiis_train_002855,exclude,conservative_phash_le_2_overlap_screen
uiis_train_002856,exclude,conservative_phash_le_2_overlap_screen
uiis_train_002865,exclude,conservative_phash_le_2_overlap_screen
uiis_train_002869,exclude,conservative_phash_le_2_overlap_screen
uiis_train_002873,exclude,conservative_phash_le_2_overlap_screen
uiis_train_002874,exclude,conservative_phash_le_2_overlap_screen
uiis_train_002878,exclude,conservative_phash_le_2_overlap_screen
uiis_train_002879,exclude,conservative_phash_le_2_overlap_screen
uiis_train_002889,exclude,conservative_phash_le_2_overlap_screen
uiis_train_002893,exclude,conservative_phash_le_2_overlap_screen
uiis_train_002895,exclude,conservative_phash_le_2_overlap_screen
uiis_train_002896,exclude,conservative_phash_le_2_overlap_screen
uiis_train_002898,exclude,conservative_phash_le_2_overlap_screen
uiis_train_002900,exclude,conservative_phash_le_2_overlap_screen
uiis_train_002902,exclude,conservative_phash_le_2_overlap_screen
uiis_train_002904,exclude,conservative_phash_le_2_overlap_screen
uiis_train_002912,exclude,conservative_phash_le_2_overlap_screen
uiis_train_002913,exclude,conservative_phash_le_2_overlap_screen
uiis_train_002917,exclude,conservative_phash_le_2_overlap_screen
uiis_train_002920,exclude,conservative_phash_le_2_overlap_screen
uiis_train_002921,exclude,conservative_phash_le_2_overlap_screen
uiis_train_002925,exclude,conservative_phash_le_2_overlap_screen
uiis_train_002936,exclude,conservative_phash_le_2_overlap_screen
uiis_train_002938,exclude,conservative_phash_le_2_overlap_screen
uiis_train_002940,exclude,conservative_phash_le_2_overlap_screen
uiis_train_002944,exclude,conservative_phash_le_2_overlap_screen
uiis_train_002945,exclude,conservative_phash_le_2_overlap_screen
uiis_train_002951,exclude,conservative_phash_le_2_overlap_screen
uiis_train_002960,exclude,exact_sha256_overlap_with_suim
uiis_train_002965,exclude,conservative_phash_le_2_overlap_screen
uiis_train_002974,exclude,conservative_phash_le_2_overlap_screen
uiis_train_002977,exclude,conservative_phash_le_2_overlap_screen
uiis_train_002978,exclude,conservative_phash_le_2_overlap_screen
uiis_train_002982,exclude,conservative_phash_le_2_overlap_screen
uiis_train_002984,exclude,conservative_phash_le_2_overlap_screen
uiis_train_002987,exclude,conservative_phash_le_2_overlap_screen
uiis_train_002988,exclude,conservative_phash_le_2_overlap_screen
uiis_train_002989,exclude,conservative_phash_le_2_overlap_screen
uiis_train_002990,exclude,conservative_phash_le_2_overlap_screen
uiis_train_002991,exclude,conservative_phash_le_2_overlap_screen
uiis_train_002992,exclude,conservative_phash_le_2_overlap_screen
uiis_train_002993,exclude,conservative_phash_le_2_overlap_screen
uiis_train_002994,exclude,conservative_phash_le_2_overlap_screen
uiis_train_002996,exclude,conservative_phash_le_2_overlap_screen
uiis_train_002999,exclude,conservative_phash_le_2_overlap_screen
uiis_train_003000,exclude,conservative_phash_le_2_overlap_screen
uiis_train_003003,exclude,conservative_phash_le_2_overlap_screen
uiis_train_003010,exclude,conservative_phash_le_2_overlap_screen
uiis_train_003011,exclude,conservative_phash_le_2_overlap_screen
uiis_train_003013,exclude,conservative_phash_le_2_overlap_screen
uiis_train_003018,exclude,conservative_phash_le_2_overlap_screen
uiis_train_003019,exclude,conservative_phash_le_2_overlap_screen
uiis_train_003022,exclude,conservative_phash_le_2_overlap_screen
uiis_train_003023,exclude,conservative_phash_le_2_overlap_screen
uiis_train_003025,exclude,conservative_phash_le_2_overlap_screen
uiis_train_003026,exclude,conservative_phash_le_2_overlap_screen
uiis_train_003027,exclude,conservative_phash_le_2_overlap_screen
uiis_train_003029,exclude,conservative_phash_le_2_overlap_screen
uiis_train_003031,exclude,conservative_phash_le_2_overlap_screen
uiis_train_003033,exclude,conservative_phash_le_2_overlap_screen
uiis_train_003036,exclude,conservative_phash_le_2_overlap_screen
uiis_train_003040,exclude,conservative_phash_le_2_overlap_screen
uiis_train_003047,exclude,exact_sha256_overlap_with_suim
uiis_train_003048,exclude,conservative_phash_le_2_overlap_screen
uiis_train_003059,exclude,conservative_phash_le_2_overlap_screen
uiis_train_003063,exclude,conservative_phash_le_2_overlap_screen
uiis_train_003066,exclude,exact_sha256_overlap_with_suim
uiis_train_003072,exclude,conservative_phash_le_2_overlap_screen
uiis_train_003073,exclude,conservative_phash_le_2_overlap_screen
uiis_train_003076,exclude,conservative_phash_le_2_overlap_screen
uiis_train_003080,exclude,conservative_phash_le_2_overlap_screen
uiis_train_003087,exclude,conservative_phash_le_2_overlap_screen
uiis_train_003090,exclude,conservative_phash_le_2_overlap_screen
uiis_train_003094,exclude,conservative_phash_le_2_overlap_screen
uiis_train_003099,exclude,conservative_phash_le_2_overlap_screen
uiis_train_003100,exclude,conservative_phash_le_2_overlap_screen
uiis_train_003106,exclude,conservative_phash_le_2_overlap_screen
uiis_train_003118,exclude,conservative_phash_le_2_overlap_screen
uiis_train_003119,exclude,conservative_phash_le_2_overlap_screen
uiis_train_003121,exclude,conservative_phash_le_2_overlap_screen
uiis_train_003124,exclude,exact_sha256_overlap_with_suim
uiis_train_003127,exclude,conservative_phash_le_2_overlap_screen
uiis_train_003128,exclude,conservative_phash_le_2_overlap_screen
uiis_train_003129,exclude,conservative_phash_le_2_overlap_screen
uiis_train_003135,exclude,conservative_phash_le_2_overlap_screen
uiis_train_003139,exclude,conservative_phash_le_2_overlap_screen
uiis_train_003140,exclude,conservative_phash_le_2_overlap_screen
uiis_train_003142,exclude,conservative_phash_le_2_overlap_screen
uiis_train_003152,exclude,conservative_phash_le_2_overlap_screen
uiis_train_003154,exclude,conservative_phash_le_2_overlap_screen
uiis_train_003161,exclude,conservative_phash_le_2_overlap_screen
uiis_train_003164,exclude,conservative_phash_le_2_overlap_screen
uiis_train_003168,exclude,conservative_phash_le_2_overlap_screen
uiis_train_003169,exclude,conservative_phash_le_2_overlap_screen
uiis_train_003172,exclude,conservative_phash_le_2_overlap_screen
uiis_train_003175,exclude,conservative_phash_le_2_overlap_screen
uiis_train_003176,exclude,conservative_phash_le_2_overlap_screen
uiis_train_003178,exclude,conservative_phash_le_2_overlap_screen
uiis_train_003182,exclude,conservative_phash_le_2_overlap_screen
uiis_train_003184,exclude,conservative_phash_le_2_overlap_screen
uiis_train_003189,exclude,conservative_phash_le_2_overlap_screen
uiis_train_003190,exclude,conservative_phash_le_2_overlap_screen
uiis_train_003192,exclude,conservative_phash_le_2_overlap_screen
uiis_train_003195,exclude,conservative_phash_le_2_overlap_screen
uiis_train_003197,exclude,conservative_phash_le_2_overlap_screen
uiis_train_003198,exclude,conservative_phash_le_2_overlap_screen
uiis_train_003199,exclude,conservative_phash_le_2_overlap_screen
uiis_train_003201,exclude,conservative_phash_le_2_overlap_screen
uiis_train_003211,exclude,conservative_phash_le_2_overlap_screen
uiis_train_003213,exclude,conservative_phash_le_2_overlap_screen
uiis_train_003215,exclude,conservative_phash_le_2_overlap_screen
uiis_train_003222,exclude,conservative_phash_le_2_overlap_screen
uiis_train_003224,exclude,conservative_phash_le_2_overlap_screen
uiis_train_003227,exclude,conservative_phash_le_2_overlap_screen
uiis_train_003230,exclude,conservative_phash_le_2_overlap_screen
uiis_train_003231,exclude,exact_sha256_overlap_with_suim
uiis_train_003234,exclude,conservative_phash_le_2_overlap_screen
uiis_train_003244,exclude,conservative_phash_le_2_overlap_screen
uiis_train_003245,exclude,conservative_phash_le_2_overlap_screen
uiis_train_003247,exclude,conservative_phash_le_2_overlap_screen
uiis_train_003249,exclude,conservative_phash_le_2_overlap_screen
uiis_train_003250,exclude,conservative_phash_le_2_overlap_screen
uiis_train_003261,exclude,conservative_phash_le_2_overlap_screen
uiis_train_003263,exclude,conservative_phash_le_2_overlap_screen
uiis_train_003265,exclude,conservative_phash_le_2_overlap_screen
uiis_train_003267,exclude,conservative_phash_le_2_overlap_screen
uiis_train_003269,exclude,exact_sha256_overlap_with_suim
uiis_train_003277,exclude,conservative_phash_le_2_overlap_screen
uiis_train_003278,exclude,conservative_phash_le_2_overlap_screen
uiis_train_003279,exclude,conservative_phash_le_2_overlap_screen
uiis_train_003280,exclude,conservative_phash_le_2_overlap_screen
uiis_train_003282,exclude,conservative_phash_le_2_overlap_screen
uiis_train_003291,exclude,conservative_phash_le_2_overlap_screen
uiis_train_003293,exclude,conservative_phash_le_2_overlap_screen
uiis_train_003294,exclude,conservative_phash_le_2_overlap_screen
uiis_train_003297,exclude,conservative_phash_le_2_overlap_screen
uiis_train_003305,exclude,conservative_phash_le_2_overlap_screen
uiis_train_003308,exclude,conservative_phash_le_2_overlap_screen
uiis_train_003311,exclude,conservative_phash_le_2_overlap_screen
uiis_train_003325,exclude,conservative_phash_le_2_overlap_screen
uiis_train_003327,exclude,conservative_phash_le_2_overlap_screen
uiis_train_003338,exclude,conservative_phash_le_2_overlap_screen
uiis_train_003341,exclude,conservative_phash_le_2_overlap_screen
uiis_train_003353,exclude,conservative_phash_le_2_overlap_screen
uiis_train_003355,exclude,conservative_phash_le_2_overlap_screen
uiis_train_003360,exclude,conservative_phash_le_2_overlap_screen
uiis_train_003362,exclude,conservative_phash_le_2_overlap_screen
uiis_train_003365,exclude,conservative_phash_le_2_overlap_screen
uiis_train_003371,exclude,conservative_phash_le_2_overlap_screen
uiis_train_003373,exclude,conservative_phash_le_2_overlap_screen
uiis_train_003376,exclude,conservative_phash_le_2_overlap_screen
uiis_train_003378,exclude,conservative_phash_le_2_overlap_screen
uiis_train_003387,exclude,conservative_phash_le_2_overlap_screen
uiis_train_003389,exclude,conservative_phash_le_2_overlap_screen
uiis_train_003408,exclude,exact_sha256_overlap_with_suim
uiis_train_003427,exclude,conservative_phash_le_2_overlap_screen
uiis_train_003458,exclude,exact_sha256_overlap_with_suim
uiis_train_003494,exclude,exact_sha256_overlap_with_suim
uiis_train_003517,exclude,conservative_phash_le_2_overlap_screen
uiis_train_003521,exclude,exact_sha256_overlap_with_suim
uiis_train_003572,exclude,exact_sha256_overlap_with_suim
uiis_train_003576,exclude,exact_sha256_overlap_with_suim
uiis_train_003584,exclude,exact_sha256_overlap_with_suim
uiis_train_003589,exclude,exact_sha256_overlap_with_suim
uiis_train_003618,exclude,exact_sha256_overlap_with_suim
uiis_train_003627,exclude,exact_sha256_overlap_with_suim
uiis_train_003628,exclude,conservative_phash_le_2_overlap_screen
uiis_train_003633,exclude,exact_sha256_overlap_with_suim
uiis_train_003644,exclude,exact_sha256_overlap_with_suim
uiis_train_003649,exclude,exact_sha256_overlap_with_suim
uiis_train_003658,exclude,exact_sha256_overlap_with_suim
uiis_train_003666,exclude,conservative_phash_le_2_overlap_screen
uiis_train_003674,exclude,exact_sha256_overlap_with_suim
uiis_train_003695,exclude,conservative_phash_le_2_overlap_screen
uiis_train_003708,exclude,conservative_phash_le_2_overlap_screen
uiis_train_003718,exclude,exact_sha256_overlap_with_suim
uiis_train_003757,exclude,exact_sha256_overlap_with_suim
uiis_train_003769,exclude,exact_sha256_overlap_with_suim
uiis_train_003798,exclude,exact_sha256_overlap_with_suim
uiis_train_003807,exclude,exact_sha256_overlap_with_suim
uiis_train_003812,exclude,exact_sha256_overlap_with_suim
uiis_train_003819,exclude,conservative_phash_le_2_overlap_screen
uiis_train_003830,exclude,exact_sha256_overlap_with_suim
uiis_train_003855,exclude,exact_sha256_overlap_with_suim
uiis_train_003861,exclude,exact_sha256_overlap_with_suim
uiis_train_003899,exclude,exact_sha256_overlap_with_suim
uiis_train_003900,exclude,exact_sha256_overlap_with_suim
uiis_train_003901,exclude,exact_sha256_overlap_with_suim
uiis_train_003902,exclude,exact_sha256_overlap_with_suim
uiis_train_003904,exclude,exact_sha256_overlap_with_suim
uiis_train_003905,exclude,exact_sha256_overlap_with_suim
uiis_train_003906,exclude,exact_sha256_overlap_with_suim
uiis_train_003907,exclude,exact_sha256_overlap_with_suim
uiis_train_003908,exclude,exact_sha256_overlap_with_suim
uiis_train_003909,exclude,exact_sha256_overlap_with_suim
uiis_train_003910,exclude,exact_sha256_overlap_with_suim
uiis_train_003911,exclude,exact_sha256_overlap_with_suim
uiis_train_003913,exclude,exact_sha256_overlap_with_suim
uiis_val_000023,exclude,conservative_phash_le_2_overlap_screen
uiis_val_000035,exclude,conservative_phash_le_2_overlap_screen
uiis_val_000047,exclude,conservative_phash_le_2_overlap_screen
uiis_val_000057,exclude,conservative_phash_le_2_overlap_screen
uiis_val_000065,exclude,conservative_phash_le_2_overlap_screen
uiis_val_000067,exclude,conservative_phash_le_2_overlap_screen
uiis_val_000089,exclude,conservative_phash_le_2_overlap_screen
uiis_val_000101,exclude,conservative_phash_le_2_overlap_screen
uiis_val_000106,exclude,conservative_phash_le_2_overlap_screen
uiis_val_000108,exclude,conservative_phash_le_2_overlap_screen
uiis_val_000119,exclude,conservative_phash_le_2_overlap_screen
uiis_val_000125,exclude,conservative_phash_le_2_overlap_screen
uiis_val_000139,exclude,conservative_phash_le_2_overlap_screen
uiis_val_000141,exclude,conservative_phash_le_2_overlap_screen
uiis_val_000143,exclude,conservative_phash_le_2_overlap_screen
uiis_val_000145,exclude,conservative_phash_le_2_overlap_screen
uiis_val_000148,exclude,conservative_phash_le_2_overlap_screen
uiis_val_000150,exclude,conservative_phash_le_2_overlap_screen
uiis_val_000157,exclude,conservative_phash_le_2_overlap_screen
uiis_val_000158,exclude,conservative_phash_le_2_overlap_screen
uiis_val_000161,exclude,conservative_phash_le_2_overlap_screen
uiis_val_000166,exclude,conservative_phash_le_2_overlap_screen
uiis_val_000178,exclude,conservative_phash_le_2_overlap_screen
uiis_val_000183,exclude,conservative_phash_le_2_overlap_screen
uiis_val_000189,exclude,conservative_phash_le_2_overlap_screen
uiis_val_000192,exclude,conservative_phash_le_2_overlap_screen
uiis_val_000196,exclude,conservative_phash_le_2_overlap_screen
uiis_val_000200,exclude,conservative_phash_le_2_overlap_screen
uiis_val_000206,exclude,exact_sha256_overlap_with_suim
uiis_val_000211,exclude,conservative_phash_le_2_overlap_screen
uiis_val_000212,exclude,conservative_phash_le_2_overlap_screen
uiis_val_000216,exclude,conservative_phash_le_2_overlap_screen
uiis_val_000217,exclude,conservative_phash_le_2_overlap_screen
uiis_val_000218,exclude,conservative_phash_le_2_overlap_screen
uiis_val_000224,exclude,conservative_phash_le_2_overlap_screen
uiis_val_000227,exclude,conservative_phash_le_2_overlap_screen
uiis_val_000234,exclude,conservative_phash_le_2_overlap_screen
uiis_val_000236,exclude,conservative_phash_le_2_overlap_screen
uiis_val_000238,exclude,conservative_phash_le_2_overlap_screen
uiis_val_000239,exclude,conservative_phash_le_2_overlap_screen
uiis_val_000243,exclude,conservative_phash_le_2_overlap_screen
uiis_val_000255,exclude,conservative_phash_le_2_overlap_screen
uiis_val_000256,exclude,conservative_phash_le_2_overlap_screen
uiis_val_000260,exclude,conservative_phash_le_2_overlap_screen
uiis_val_000264,exclude,conservative_phash_le_2_overlap_screen
uiis_val_000266,exclude,conservative_phash_le_2_overlap_screen
uiis_val_000273,exclude,conservative_phash_le_2_overlap_screen
uiis_val_000277,exclude,conservative_phash_le_2_overlap_screen
uiis_val_000280,exclude,conservative_phash_le_2_overlap_screen
uiis_val_000282,exclude,conservative_phash_le_2_overlap_screen
uiis_val_000289,exclude,conservative_phash_le_2_overlap_screen
uiis_val_000291,exclude,conservative_phash_le_2_overlap_screen
uiis_val_000293,exclude,exact_sha256_overlap_with_suim
uiis_val_000295,exclude,conservative_phash_le_2_overlap_screen
uiis_val_000296,exclude,conservative_phash_le_2_overlap_screen
uiis_val_000298,exclude,conservative_phash_le_2_overlap_screen
uiis_val_000299,exclude,conservative_phash_le_2_overlap_screen
uiis_val_000300,exclude,conservative_phash_le_2_overlap_screen
uiis_val_000302,exclude,conservative_phash_le_2_overlap_screen
uiis_val_000304,exclude,exact_sha256_overlap_with_suim
uiis_val_000305,exclude,conservative_phash_le_2_overlap_screen
uiis_val_000309,exclude,conservative_phash_le_2_overlap_screen
uiis_val_000321,exclude,conservative_phash_le_2_overlap_screen
uiis_val_000326,exclude,conservative_phash_le_2_overlap_screen
uiis_val_000330,exclude,exact_sha256_overlap_with_suim
uiis_val_000335,exclude,conservative_phash_le_2_overlap_screen
uiis_val_000336,exclude,conservative_phash_le_2_overlap_screen
uiis_val_000338,exclude,conservative_phash_le_2_overlap_screen
uiis_val_000344,exclude,conservative_phash_le_2_overlap_screen
uiis_val_000346,exclude,conservative_phash_le_2_overlap_screen
uiis_val_000347,exclude,conservative_phash_le_2_overlap_screen
uiis_val_000348,exclude,conservative_phash_le_2_overlap_screen
uiis_val_000349,exclude,exact_sha256_overlap_with_suim
uiis_val_000356,exclude,conservative_phash_le_2_overlap_screen
uiis_val_000363,exclude,conservative_phash_le_2_overlap_screen
uiis_val_000368,exclude,exact_sha256_overlap_with_suim
uiis_val_000369,exclude,conservative_phash_le_2_overlap_screen
uiis_val_000372,exclude,exact_sha256_overlap_with_suim
uiis_val_000376,exclude,conservative_phash_le_2_overlap_screen
uiis_val_000378,exclude,exact_sha256_overlap_with_suim
uiis_val_000382,exclude,conservative_phash_le_2_overlap_screen
uiis_val_000392,exclude,conservative_phash_le_2_overlap_screen
uiis_val_000396,exclude,conservative_phash_le_2_overlap_screen
uiis_val_000399,exclude,exact_sha256_overlap_with_suim
uiis_val_000400,exclude,exact_sha256_overlap_with_suim
uiis_val_000404,exclude,exact_sha256_overlap_with_suim
uiis_val_000407,exclude,conservative_phash_le_2_overlap_screen
uiis_val_000410,exclude,conservative_phash_le_2_overlap_screen
uiis_val_000411,exclude,conservative_phash_le_2_overlap_screen
uiis_val_000415,exclude,exact_sha256_overlap_with_suim
uiis_val_000424,exclude,conservative_phash_le_2_overlap_screen
uiis_val_000427,exclude,conservative_phash_le_2_overlap_screen
uiis_val_000428,exclude,conservative_phash_le_2_overlap_screen
uiis_val_000432,exclude,exact_sha256_overlap_with_suim
uiis_val_000436,exclude,exact_sha256_overlap_with_suim
uiis_val_000437,exclude,exact_sha256_overlap_with_suim
uiis_val_000443,exclude,exact_sha256_overlap_with_suim
uiis_val_000444,exclude,exact_sha256_overlap_with_suim
uiis_val_000445,exclude,exact_sha256_overlap_with_suim
uiis_val_000447,exclude,exact_sha256_overlap_with_suim
uiis_val_000448,exclude,exact_sha256_overlap_with_suim
uiis_val_000449,exclude,exact_sha256_overlap_with_suim
uiis_val_000451,exclude,conservative_phash_le_2_overlap_screen
uiis_val_000453,exclude,exact_sha256_overlap_with_suim
uiis_val_000454,exclude,exact_sha256_overlap_with_suim
uiis_val_000455,exclude,exact_sha256_overlap_with_suim
uiis_val_000456,exclude,exact_sha256_overlap_with_suim
uiis_val_000457,exclude,exact_sha256_overlap_with_suim
uiis_val_000459,exclude,exact_sha256_overlap_with_suim
uiis_val_000460,exclude,exact_sha256_overlap_with_suim
uiis_val_000461,exclude,exact_sha256_overlap_with_suim
uiis_val_000462,exclude,exact_sha256_overlap_with_suim
uiis_val_000463,exclude,exact_sha256_overlap_with_suim
uiis_val_000464,exclude,exact_sha256_overlap_with_suim
uiis_val_000465,exclude,exact_sha256_overlap_with_suim
uiis_val_000466,exclude,exact_sha256_overlap_with_suim
uiis_val_000467,exclude,exact_sha256_overlap_with_suim
uiis_val_000468,exclude,exact_sha256_overlap_with_suim
uiis_val_000469,exclude,exact_sha256_overlap_with_suim
uiis_val_000471,exclude,exact_sha256_overlap_with_suim
uiis_val_000472,exclude,exact_sha256_overlap_with_suim
uiis_val_000473,exclude,exact_sha256_overlap_with_suim
uiis_val_000474,exclude,exact_sha256_overlap_with_suim
uiis_val_000476,exclude,exact_sha256_overlap_with_suim
uiis_val_000477,exclude,exact_sha256_overlap_with_suim
uiis_val_000479,exclude,exact_sha256_overlap_with_suim
uiis_val_000480,exclude,conservative_phash_le_2_overlap_screen
uiis_val_000481,exclude,exact_sha256_overlap_with_suim
uiis_val_000483,exclude,conservative_phash_le_2_overlap_screen
uiis_val_000484,exclude,conservative_phash_le_2_overlap_screen
uiis_val_000487,exclude,conservative_phash_le_2_overlap_screen
uiis_val_000490,exclude,conservative_phash_le_2_overlap_screen
uiis_val_000495,exclude,conservative_phash_le_2_overlap_screen
uiis_val_000498,exclude,conservative_phash_le_2_overlap_screen
uiis_val_000501,exclude,conservative_phash_le_2_overlap_screen
uiis_val_000503,exclude,conservative_phash_le_2_overlap_screen
uiis_val_000505,exclude,conservative_phash_le_2_overlap_screen
uiis_val_000507,exclude,conservative_phash_le_2_overlap_screen
uiis_val_000508,exclude,conservative_phash_le_2_overlap_screen
uiis_val_000517,exclude,conservative_phash_le_2_overlap_screen
uiis_val_000519,exclude,conservative_phash_le_2_overlap_screen
uiis_val_000520,exclude,conservative_phash_le_2_overlap_screen
uiis_val_000523,exclude,conservative_phash_le_2_overlap_screen
uiis_val_000525,exclude,conservative_phash_le_2_overlap_screen
uiis_val_000526,exclude,conservative_phash_le_2_overlap_screen
uiis_val_000534,exclude,conservative_phash_le_2_overlap_screen
uiis_val_000537,exclude,conservative_phash_le_2_overlap_screen
uiis_val_000540,exclude,conservative_phash_le_2_overlap_screen
uiis_val_000541,exclude,conservative_phash_le_2_overlap_screen
uiis_val_000546,exclude,conservative_phash_le_2_overlap_screen
uiis_val_000547,exclude,conservative_phash_le_2_overlap_screen
uiis_val_000549,exclude,conservative_phash_le_2_overlap_screen
uiis_val_000555,exclude,conservative_phash_le_2_overlap_screen
uiis_val_000560,exclude,conservative_phash_le_2_overlap_screen
uiis_val_000568,exclude,conservative_phash_le_2_overlap_screen
uiis_val_000574,exclude,conservative_phash_le_2_overlap_screen
uiis_val_000578,exclude,conservative_phash_le_2_overlap_screen
uiis_val_000579,exclude,conservative_phash_le_2_overlap_screen
uiis_val_000585,exclude,conservative_phash_le_2_overlap_screen
uiis_val_000586,exclude,conservative_phash_le_2_overlap_screen
uiis_val_000593,exclude,conservative_phash_le_2_overlap_screen
uiis_val_000594,exclude,conservative_phash_le_2_overlap_screen
uiis_val_000601,exclude,conservative_phash_le_2_overlap_screen
uiis_val_000605,exclude,exact_sha256_overlap_with_suim
uiis_val_000607,exclude,conservative_phash_le_2_overlap_screen
uiis_val_000618,exclude,exact_sha256_overlap_with_suim
uiis_val_000624,exclude,exact_sha256_overlap_with_suim
uiis_val_000630,exclude,conservative_phash_le_2_overlap_screen
uiis_val_000669,exclude,exact_sha256_overlap_with_suim
uiis_val_000674,exclude,exact_sha256_overlap_with_suim
uiis_val_000679,exclude,exact_sha256_overlap_with_suim
uiis_val_000683,exclude,exact_sha256_overlap_with_suim
